id,first_name,last_name,email,gender
1,Bernie,Dufton,,Male
2,Delmar,Botten,dbotten1@businessweek.com,Polygender
3,Andreana,Addey,aaddey2@nbcnews.com,Agender
4,Alisha,,,Genderqueer
5,Demetria,Murrigan,dmurrigan4@github.io,Female
6,,MacKaig,fmackaig5@marketwatch.com,Genderfluid
7,Natal,Klejna,,Polygender
8,Alethea,Brockett,abrockett7@webs.com,
9,Jacenta,Matten,jmatten8@tmall.com,Non-binary
10,Ursala,Bullivent,ubullivent9@123-reg.co.uk,Female
11,Ag,Knok,aknoka@wired.com,Genderqueer
12,Alene,Olennikov,aolennikovb@bing.com,Male
13,Lorilyn,,lmadinec@fotki.com,Bigender
14,Silvain,Brookzie,sbrookzied@qq.com,Genderfluid
15,Stacy,Crisell,scriselle@nifty.com,Non-binary
16,Lamar,Addionisio,laddionisiof@jigsy.com,Male
17,Jaimie,Marchand,jmarchandg@bing.com,Genderqueer
18,,Provost,lprovosth@rambler.ru,Polygender
19,,St. Quintin,tstquintini@ehow.com,Genderqueer
20,Arvin,Pigeon,,Female
21,Kip,,,Male
22,Valentine,Scourgie,vscourgiel@usa.gov,
23,Moll,Spargo,,Genderqueer
24,Ario,Holah,aholahn@dagondesign.com,Non-binary
25,Paxon,Delahunt,pdelahunto@domainmarket.com,Genderqueer
26,Roberta,,,Female
27,Lemuel,Monkeman,,Agender
28,Matthias,Walby,mwalbyr@pbs.org,Polygender
29,Gretal,,gelluls@google.com.hk,Male
30,Thorny,Ruzicka,truzickat@squarespace.com,Genderfluid
31,Mose,Minghi,mminghiu@amazonaws.com,Agender
32,Claudianus,Margarson,cmargarsonv@de.vu,Bigender
33,Karlyn,Ugolotti,kugolottiw@joomla.org,Female
34,,Poat,tpoatx@hud.gov,Female
35,Courtnay,Caraher,ccarahery@omniture.com,Agender
36,Leupold,,lpertonz@bloomberg.com,Polygender
37,Sonny,Wiskar,swiskar10@usatoday.com,Non-binary
38,Jard,Abazi,jabazi11@redcross.org,Agender
39,Rod,Mesant,rmesant12@slate.com,Genderfluid
40,Kevon,Penley,kpenley13@ustream.tv,Genderfluid
41,Wylie,Iglesia,wiglesia14@usnews.com,Non-binary
42,Erna,Orbine,eorbine15@mapy.cz,Bigender
43,Dicky,Cartmel,dcartmel16@nasa.gov,Female
44,Debbi,Mazzei,dmazzei17@phoca.cz,Polygender
45,Maire,Roubottom,mroubottom18@technorati.com,Agender
46,Ursola,Livingstone,ulivingstone19@buzzfeed.com,Polygender
47,Annabelle,Surr,asurr1a@vimeo.com,Polygender
48,Rhianna,Swindle,rswindle1b@facebook.com,Agender
49,Aryn,Stores,astores1c@sun.com,Non-binary
50,Shanna,Currey,scurrey1d@domainmarket.com,Polygender
51,Leonanie,Knudsen,lknudsen1e@wordpress.org,Non-binary
52,Renard,Kinver,rkinver1f@jigsy.com,Bigender
53,Arron,Petel,apetel1g@blinklist.com,
54,Charmion,Stiling,cstiling1h@facebook.com,Non-binary
55,Issie,Castagnet,icastagnet1i@privacy.gov.au,Polygender
56,,Crock,lcrock1j@histats.com,
57,Ladonna,Chin,,Agender
58,Fran,Lambkin,flambkin1l@europa.eu,Polygender
59,,Shrieve,tshrieve1m@google.co.jp,Genderfluid
60,Reinaldo,Barizeret,rbarizeret1n@exblog.jp,Bigender
61,,McGorman,dmcgorman1o@mozilla.org,Bigender
62,Liva,Maevela,lmaevela1p@t-online.de,Male
63,Cully,Gowenlock,cgowenlock1q@usa.gov,Genderqueer
64,Cosmo,Dumbleton,cdumbleton1r@hibu.com,Bigender
65,Jeff,Letessier,jletessier1s@desdev.cn,Non-binary
66,Reinhold,Keemer,rkeemer1t@cloudflare.com,Non-binary
67,,Forster,,Female
68,Lebbie,Benoit,lbenoit1v@fema.gov,Female
69,Eddie,Eastam,eeastam1w@icq.com,Bigender
70,Kendrick,Okenden,kokenden1x@yahoo.co.jp,Bigender
71,Meagan,Masson,mmasson1y@google.pl,Non-binary
72,Melli,Hayden,mhayden1z@i2i.jp,Bigender
73,Stacia,Semper,ssemper20@ucla.edu,Polygender
74,Ethel,Heintze,eheintze21@google.com.au,Male
75,Rolf,Harlin,rharlin22@msu.edu,Agender
76,Sharona,MacCarlich,smaccarlich23@last.fm,Bigender
77,Paula,Gregorace,pgregorace24@state.gov,Agender
78,Arleta,Kuhlen,akuhlen25@freewebs.com,Female
79,Megan,Dinwoodie,mdinwoodie26@istockphoto.com,
80,,Dutson,ldutson27@ihg.com,Agender
81,Ailyn,Natalie,anatalie28@amazonaws.com,Female
82,Odille,Dalgleish,odalgleish29@storify.com,Genderfluid
83,,Lamps,plamps2a@eventbrite.com,Bigender
84,Taryn,Nealey,tnealey2b@ovh.net,Polygender
85,Em,Yurchenko,eyurchenko2c@apache.org,Genderqueer
86,Guglielmo,Itscowicz,gitscowicz2d@domainmarket.com,Male
87,Jaquelin,Yeandel,,
88,Cherish,Effnert,ceffnert2f@ovh.net,Agender
89,Earlie,Marrow,emarrow2g@hostgator.com,Non-binary
90,Darrick,Coggin,dcoggin2h@odnoklassniki.ru,Bigender
91,Bax,Bisco,bbisco2i@deliciousdays.com,Male
92,Hollis,Amoss,hamoss2j@360.cn,Genderfluid
93,Sasha,Adamsky,,Genderqueer
94,Rand,Matthews,rmatthews2l@msu.edu,Non-binary
95,Bruce,Barke,bbarke2m@bravesites.com,
96,Millie,,mvanichev2n@imageshack.us,Male
97,Jasen,Dalliston,jdalliston2o@plala.or.jp,Genderfluid
98,Rozamond,Pickard,rpickard2p@com.com,Female
99,Martita,Nemchinov,mnemchinov2q@auda.org.au,Genderqueer
100,,Stood,vstood2r@cargocollective.com,Polygender
101,Louisa,Dytham,ldytham2s@cdc.gov,Polygender
102,Tyrone,Van Velden,tvanvelden2t@oracle.com,Male
103,Sutherlan,Bassam,sbassam2u@nbcnews.com,Bigender
104,Emily,Ollet,eollet2v@symantec.com,Bigender
105,Brew,Donet,bdonet2w@dailymail.co.uk,Bigender
106,Rani,Thormann,rthormann2x@bloomberg.com,Genderqueer
107,Heda,Wenger,hwenger2y@cargocollective.com,Genderfluid
108,Casie,Huntall,chuntall2z@technorati.com,Agender
109,Fabe,Peak,fpeak30@guardian.co.uk,Non-binary
110,Aigneis,Mushawe,amushawe31@prnewswire.com,Genderfluid
111,Mitzi,Pyrton,mpyrton32@eepurl.com,Bigender
112,Kennett,Prosh,kprosh33@liveinternet.ru,Male
113,Bellanca,Togwell,btogwell34@oaic.gov.au,Male
114,,Klimkov,,Bigender
115,Vanessa,Paddie,vpaddie36@google.es,
116,Nicolle,Deble,ndeble37@ow.ly,Female
117,Sarette,,,Genderqueer
118,Kai,Hasley,khasley39@people.com.cn,Genderqueer
119,Kacey,Surr,ksurr3a@163.com,Bigender
120,Birdie,Dozdill,bdozdill3b@slideshare.net,Non-binary
121,Van,Dingivan,vdingivan3c@ebay.co.uk,Genderqueer
122,Lorilee,Maystone,lmaystone3d@unicef.org,Male
123,Malina,Maciaszek,mmaciaszek3e@berkeley.edu,Non-binary
124,Fielding,,fassad3f@posterous.com,Polygender
125,,Schooley,lschooley3g@homestead.com,Non-binary
126,Francesco,Regnard,fregnard3h@ezinearticles.com,
127,Hilary,Hanway,,Polygender
128,Winnie,Birkenhead,wbirkenhead3j@ftc.gov,Bigender
129,Evvie,Jago,ejago3k@bbc.co.uk,Agender
130,Lindy,Brauner,lbrauner3l@newsvine.com,Male
131,Thorin,Campany,tcampany3m@accuweather.com,Polygender
132,Sarette,Halley,shalley3n@cafepress.com,Female
133,Maxi,Vassay,mvassay3o@pagesperso-orange.fr,
134,Anton,Lardiner,,Genderqueer
135,Annis,Jeffery,ajeffery3q@woothemes.com,Agender
136,Callie,Rulten,crulten3r@elegantthemes.com,Male
137,Doloritas,Tomashov,dtomashov3s@time.com,Agender
138,,Croad,vcroad3t@amazon.co.uk,Polygender
139,Suzi,Janda,,Genderfluid
140,Simmonds,Yearne,syearne3v@last.fm,Male
141,Brok,Pigden,bpigden3w@blinklist.com,Polygender
142,Tadio,Sisselot,tsisselot3x@homestead.com,Bigender
143,Ham,Mahoney,hmahoney3y@cnbc.com,
144,Vivien,Coppeard,vcoppeard3z@furl.net,Non-binary
145,Garnet,Mauro,gmauro40@thetimes.co.uk,Bigender
146,,Furlong,lfurlong41@123-reg.co.uk,Bigender
147,Ludwig,Matherson,lmatherson42@google.fr,
148,Marge,Du Plantier,mduplantier43@rediff.com,Agender
149,Coleen,Clemmett,,Polygender
150,Jodie,Hache,jhache45@plala.or.jp,Polygender
151,Saraann,Rowantree,,Male
152,Elsbeth,Foan,efoan47@cdbaby.com,Bigender
153,Steward,McGeffen,smcgeffen48@moonfruit.com,Bigender
154,Stefano,Parell,sparell49@bing.com,Female
155,Bea,,bstaning4a@phpbb.com,Genderfluid
156,Claribel,Mapis,cmapis4b@trellian.com,Bigender
157,Elvin,Duncan,eduncan4c@about.com,Genderfluid
158,Liuka,Chessum,lchessum4d@shutterfly.com,Male
159,Teador,Powter,tpowter4e@weibo.com,Bigender
160,Jermayne,Sillis,jsillis4f@webmd.com,Agender
161,Bidget,Vear,bvear4g@privacy.gov.au,Agender
162,Alica,Gladding,agladding4h@cnn.com,Agender
163,Andonis,Livingstone,alivingstone4i@usgs.gov,Genderqueer
164,Colly,Heigl,cheigl4j@examiner.com,
165,Elonore,,efilippucci4k@goodreads.com,Female
166,Debbie,Sidebottom,dsidebottom4l@businesswire.com,Bigender
167,Louise,Tofful,,
168,Livia,Meyrick,lmeyrick4n@illinois.edu,Male
169,Suzie,Guillotin,sguillotin4o@examiner.com,Male
170,Juliette,Screech,jscreech4p@eepurl.com,Genderqueer
171,Joby,Gonzalo,jgonzalo4q@printfriendly.com,Polygender
172,Gale,Bister,gbister4r@list-manage.com,Agender
173,Dur,Cords,,Female
174,,Pinar,ipinar4t@behance.net,Genderfluid
175,,Gathwaite,cgathwaite4u@about.com,Genderqueer
176,Abra,Winders,awinders4v@naver.com,Female
177,Abdel,Wannell,,Male
178,Beatrice,Milsap,bmilsap4x@ask.com,Agender
179,Siusan,Mintoff,,Polygender
180,,Hambleton,ghambleton4z@gizmodo.com,Genderfluid
181,Dore,Hasney,dhasney50@purevolume.com,Genderfluid
182,Chaddie,Strass,cstrass51@census.gov,Female
183,Claudetta,Bearward,cbearward52@oakley.com,Male
184,Jessey,Haslock,jhaslock53@parallels.com,Female
185,Freda,Altofts,faltofts54@myspace.com,Bigender
186,Orsa,Really,oreally55@alibaba.com,Genderfluid
187,Gustie,Lendrem,glendrem56@goo.gl,Polygender
188,Yancy,Isenor,yisenor57@aboutads.info,Female
189,Farrah,Fraulo,ffraulo58@printfriendly.com,Polygender
190,,Portugal,,Female
191,Galen,Tapping,gtapping5a@booking.com,
192,Berne,Fausch,bfausch5b@dot.gov,Agender
193,Audry,Moorfield,amoorfield5c@google.fr,
194,Lucian,Chennells,lchennells5d@ihg.com,Genderfluid
195,Kinna,Sokell,ksokell5e@bbc.co.uk,Male
196,Milty,Hackwell,mhackwell5f@nsw.gov.au,
197,Rhett,Di Claudio,rdiclaudio5g@angelfire.com,Male
198,Ezekiel,Lashmore,elashmore5h@gnu.org,Bigender
199,Perice,Testo,ptesto5i@webnode.com,Non-binary
200,Dorey,Mailey,dmailey5j@4shared.com,Non-binary
201,Dolorita,Aulds,daulds5k@com.com,Bigender
202,Barnie,Servante,bservante5l@state.tx.us,Female
203,Kayla,Litherborough,klitherborough5m@photobucket.com,Agender
204,Aldous,Coursor,acoursor5n@merriam-webster.com,Genderqueer
205,Wainwright,Glewe,wglewe5o@mayoclinic.com,Male
206,,Sille,gsille5p@gravatar.com,Polygender
207,Gilli,Breddy,gbreddy5q@hostgator.com,Non-binary
208,Ferdinanda,Quinn,fquinn5r@ow.ly,Bigender
209,Enrichetta,Brokenshire,ebrokenshire5s@instagram.com,Non-binary
210,Gaven,Trotter,,Male
211,Rosemarie,Stetson,rstetson5u@marriott.com,Non-binary
212,Torin,Skahill,,Polygender
213,Chance,Pallent,cpallent5w@archive.org,Polygender
214,Kitti,Oliphand,koliphand5x@cbslocal.com,Polygender
215,,Boyfield,dboyfield5y@princeton.edu,Male
216,Jinny,Jentges,jjentges5z@hibu.com,Bigender
217,Patsy,,ptichner60@dell.com,Male
218,Willi,,wgravy61@spiegel.de,Female
219,Harlin,Buckbee,,Female
220,Mattie,Jehan,mjehan63@naver.com,Agender
221,Marcy,Brattell,mbrattell64@addtoany.com,Polygender
222,Maible,Birkinshaw,mbirkinshaw65@ca.gov,Agender
223,,Ors,hors66@harvard.edu,Genderqueer
224,Charil,Simpson,csimpson67@wikimedia.org,Female
225,Aleece,MacKessock,amackessock68@baidu.com,Genderfluid
226,Alphonso,Springthorp,aspringthorp69@skype.com,Genderqueer
227,Stu,Isacq,sisacq6a@ebay.com,Female
228,Jesselyn,Romeril,jromeril6b@behance.net,
229,Daisy,Glascott,,Male
230,Vasily,Acock,vacock6d@123-reg.co.uk,
231,Ree,Bayle,rbayle6e@webeden.co.uk,Agender
232,Myrle,Lum,mlum6f@360.cn,Agender
233,Ennis,Betteriss,ebetteriss6g@surveymonkey.com,Female
234,,Edie,jedie6h@surveymonkey.com,Bigender
235,Darrin,Dearth,ddearth6i@toplist.cz,Female
236,,Murthwaite,cmurthwaite6j@youku.com,Genderqueer
237,Gracie,Doey,gdoey6k@jugem.jp,Female
238,Mordy,Pidwell,mpidwell6l@gizmodo.com,Bigender
239,Sharity,Lockitt,,Agender
240,Barry,Mugford,,Agender
241,Kiah,Margiotta,kmargiotta6o@wunderground.com,Genderqueer
242,Nadya,Caulder,ncaulder6p@princeton.edu,
243,Sheelah,Cooper,scooper6q@buzzfeed.com,Agender
244,Annabel,Basden,abasden6r@mit.edu,Polygender
245,Elissa,,emacevilly6s@usgs.gov,Agender
246,Thoma,Craghead,tcraghead6t@cam.ac.uk,Genderqueer
247,Darcie,Ingerith,dingerith6u@usatoday.com,Bigender
248,Zorine,Trawin,,Bigender
249,Hercule,Balf,hbalf6w@bravesites.com,Bigender
250,Myrle,Spada,mspada6x@123-reg.co.uk,Agender
251,Babb,,bduffill6y@cmu.edu,
252,Reese,Piborn,,Genderqueer
253,Robinia,Winstanley,rwinstanley70@theatlantic.com,Genderqueer
254,Ranice,,,Non-binary
255,Hiram,Cupper,hcupper72@dropbox.com,Polygender
256,Rodolph,Satterly,rsatterly73@netlog.com,Non-binary
257,Wakefield,Goldberg,,Polygender
258,Ericka,Joost,ejoost75@studiopress.com,Male
259,Armand,Baudinot,abaudinot76@ebay.co.uk,
260,Kaila,Breckell,kbreckell77@behance.net,
261,Candy,Rosewall,crosewall78@jigsy.com,Agender
262,,Neave,lneave79@people.com.cn,Female
263,,Gaisford,,Polygender
264,Blondell,Jorissen,bjorissen7b@foxnews.com,Non-binary
265,Rubetta,Zellmer,rzellmer7c@virginia.edu,
266,,,ucharlick7d@jalbum.net,Genderfluid
267,,Clementson,,Non-binary
268,,Marciek,fmarciek7f@instagram.com,Male
269,Evangelin,Northway,enorthway7g@alexa.com,Male
270,Saree,Robak,,Polygender
271,Toinette,Grammer,tgrammer7i@wikia.com,Female
272,Jermayne,Keyes,jkeyes7j@feedburner.com,Male
273,Vernon,Londsdale,vlondsdale7k@t-online.de,Male
274,Gael,Petzolt,,Genderqueer
275,Sarah,Pudge,spudge7m@bloglines.com,Agender
276,Trix,Triggs,ttriggs7n@google.ru,Genderfluid
277,Emmy,Mitro,,
278,Bernette,Brinkler,bbrinkler7p@artisteer.com,Genderqueer
279,Bennett,McIlmorow,bmcilmorow7q@themeforest.net,Bigender
280,Bevvy,Wedmore.,bwedmore7r@mashable.com,Genderqueer
281,Reeba,Mattack,rmattack7s@icio.us,Polygender
282,Norma,Vaney,nvaney7t@earthlink.net,Genderfluid
283,Lorrie,Medland,lmedland7u@odnoklassniki.ru,Genderqueer
284,Joann,Murtell,jmurtell7v@blogspot.com,Polygender
285,Viv,Outibridge,voutibridge7w@t-online.de,Male
286,Tucker,Maunsell,tmaunsell7x@barnesandnoble.com,Bigender
287,Merilyn,Haslock(e),mhaslocke7y@baidu.com,
288,Bunny,MacKenny,,Male
289,,Parnby,pparnby80@drupal.org,Non-binary
290,Errol,Dallow,edallow81@dell.com,Agender
291,Annabel,Lalonde,alalonde82@yandex.ru,Agender
292,Lynett,Slark,lslark83@taobao.com,Male
293,Maxy,Hawtin,mhawtin84@woothemes.com,Agender
294,Ayn,Gotter,agotter85@sfgate.com,Genderqueer
295,,Haney`,phaney86@yellowbook.com,Genderfluid
296,Toby,Worge,tworge87@posterous.com,Genderqueer
297,Glenda,Ashington,gashington88@joomla.org,Polygender
298,Lib,Keemer,lkeemer89@nba.com,Polygender
299,Val,,vjohansson8a@discuz.net,Polygender
300,,Mateiko,amateiko8b@vinaora.com,Male
301,Anabelle,Isard,aisard8c@wunderground.com,Genderqueer
302,Dorella,Spurrett,dspurrett8d@freewebs.com,Bigender
303,Devonna,Belchamp,dbelchamp8e@google.com.hk,Non-binary
304,Merrill,Afonso,mafonso8f@storify.com,Female
305,Verene,Woodhams,vwoodhams8g@w3.org,Bigender
306,Julissa,Courcey,jcourcey8h@nydailynews.com,Female
307,Amalia,MacBrearty,amacbrearty8i@kickstarter.com,Male
308,Ricki,Lessmare,rlessmare8j@nba.com,Genderqueer
309,Tanitansy,Bann,tbann8k@soup.io,Genderfluid
310,Hadleigh,O'Geneay,hogeneay8l@narod.ru,Agender
311,,Roulston,froulston8m@soundcloud.com,Genderqueer
312,Antonin,Goble,agoble8n@histats.com,Bigender
313,Dunn,Runcie,druncie8o@live.com,Female
314,Robby,Foskin,rfoskin8p@ox.ac.uk,Non-binary
315,Noam,Tipens,ntipens8q@marketwatch.com,Genderfluid
316,,Dougharty,qdougharty8r@patch.com,Non-binary
317,Neda,Tidder,ntidder8s@harvard.edu,Agender
318,Val,Ilson,vilson8t@addthis.com,Genderqueer
319,Merrili,Scading,mscading8u@last.fm,Polygender
320,Yanaton,Dri,ydri8v@google.es,Agender
321,Charin,Po,,Bigender
322,Hunfredo,Rings,,Genderqueer
323,Cynthy,Muggleston,cmuggleston8y@acquirethisname.com,Non-binary
324,Barbara,Gadsdon,bgadsdon8z@tripadvisor.com,Agender
325,Giralda,Mullan,gmullan90@flickr.com,Polygender
326,Dari,Jerwood,djerwood91@miibeian.gov.cn,Female
327,Colline,McLinden,cmclinden92@nih.gov,Genderfluid
328,Mickie,Meran,,
329,Fanni,Flament,fflament94@stumbleupon.com,Genderqueer
330,,Eshelby,neshelby95@illinois.edu,Bigender
331,Lexie,Norquay,,Agender
332,Cammie,Marikhin,cmarikhin97@imgur.com,Polygender
333,,Burchill,cburchill98@infoseek.co.jp,Polygender
334,Meade,,mberrey99@behance.net,Genderqueer
335,Farica,,fdanihelka9a@china.com.cn,Agender
336,Emogene,Pleven,epleven9b@spotify.com,
337,Mar,Smiley,msmiley9c@odnoklassniki.ru,
338,Briano,,bveneur9d@senate.gov,Male
339,Elyn,Jamson,ejamson9e@rambler.ru,Genderqueer
340,Libby,Binney,lbinney9f@time.com,Female
341,,,mmordacai9g@cloudflare.com,Genderfluid
342,Tiebold,Chorley,tchorley9h@unesco.org,Agender
343,Orion,Chance,ochance9i@nature.com,Polygender
344,Cloe,Clarke-Williams,cclarkewilliams9j@unicef.org,
345,Anatola,Toth,atoth9k@behance.net,Male
346,Genovera,Montes,gmontes9l@github.io,Non-binary
347,Adiana,,aoheaney9m@archive.org,Genderfluid
348,Staford,Kelner,,Non-binary
349,Alia,Venard,avenard9o@sun.com,Polygender
350,Merrill,Calloway,,Genderqueer
351,Inna,Borkin,iborkin9q@odnoklassniki.ru,Female
352,Teirtza,Pristnor,tpristnor9r@gnu.org,
353,Katya,,kdobbing9s@ucoz.com,Genderqueer
354,Meryl,Gillum,mgillum9t@sciencedaily.com,Female
355,Eartha,Danielsen,edanielsen9u@scribd.com,Genderqueer
356,,Padbery,rpadbery9v@feedburner.com,Bigender
357,Adelbert,,alowerson9w@whitehouse.gov,Non-binary
358,Celestia,,ctanzer9x@bbb.org,Male
359,Gregorio,Bellany,gbellany9y@sohu.com,Male
360,Candi,Vassall,cvassall9z@sbwire.com,Polygender
361,Crin,Spours,cspoursa0@infoseek.co.jp,Polygender
362,Wendeline,Mulliner,,Bigender
363,Garry,Denness,gdennessa2@deliciousdays.com,Non-binary
364,Annice,Murcutt,amurcutta3@naver.com,
365,Francklin,McCready,fmccreadya4@artisteer.com,Polygender
366,Dorisa,Laughlin,dlaughlina5@wp.com,
367,Steffi,Bliss,sblissa6@last.fm,Genderqueer
368,Brnaba,Beedon,bbeedona7@ted.com,Non-binary
369,Heriberto,Belli,hbellia8@w3.org,Agender
370,Rosene,Ianittello,rianittelloa9@engadget.com,
371,Stearne,De Castri,sdecastriaa@google.it,
372,Alisa,Graham,agrahamab@discovery.com,Bigender
373,Christyna,,caldrichac@woothemes.com,Non-binary
374,,Dobrovsky,,Agender
375,,Pervew,cpervewae@i2i.jp,Non-binary
376,Lothaire,Widdowfield,lwiddowfieldaf@taobao.com,Bigender
377,Shani,Tonks,stonksag@moonfruit.com,Female
378,Marguerite,Dowding,mdowdingah@last.fm,Bigender
379,,Frampton,aframptonai@a8.net,Non-binary
380,Patin,Hatcliffe,phatcliffeaj@studiopress.com,Genderqueer
381,Donavon,Lamasna,dlamasnaak@unblog.fr,
382,Talia,Harnetty,tharnettyal@alexa.com,Bigender
383,Maire,,mdawberyam@wikispaces.com,Genderfluid
384,Delano,Corneliussen,dcorneliussenan@jugem.jp,Genderfluid
385,Nady,Kenlin,nkenlinao@walmart.com,Female
386,Ingrid,Gaukroger,igaukrogerap@ca.gov,Agender
387,Jillayne,Spratley,jspratleyaq@berkeley.edu,
388,Jean,Gaskal,jgaskalar@berkeley.edu,Genderqueer
389,Ealasaid,Orae,eoraeas@webnode.com,
390,Elton,,ecorahat@weibo.com,
391,,McDougal,rmcdougalau@mysql.com,Polygender
392,Jameson,Oldmeadow,joldmeadowav@kickstarter.com,Genderfluid
393,,Bourdice,sbourdiceaw@comsenz.com,Non-binary
394,Webb,Craddock,wcraddockax@360.cn,Non-binary
395,Glynda,Nelthorpe,gnelthorpeay@shareasale.com,Polygender
396,Olivette,MacAlinden,omacalindenaz@smugmug.com,Agender
397,Jaquelin,Glading,,Polygender
398,Ashton,Gosneye,agosneyeb1@pbs.org,Female
399,Sabina,Packwood,spackwoodb2@arstechnica.com,Agender
400,Aloin,Oxterby,aoxterbyb3@goo.gl,Non-binary
401,Dalston,Skeffington,dskeffingtonb4@jigsy.com,
402,Arabel,Harroway,aharrowayb5@opensource.org,Polygender
403,Tedie,Cranfield,tcranfieldb6@jigsy.com,Agender
404,Becka,Cord,bcordb7@wordpress.com,Male
405,,Flamank,aflamankb8@blinklist.com,Polygender
406,Virgil,Hulcoop,vhulcoopb9@taobao.com,Polygender
407,Mikkel,Burgess,mburgessba@hp.com,Genderqueer
408,Aime,Vaughan-Hughes,avaughanhughesbb@taobao.com,
409,Jonah,Busher,jbusherbc@myspace.com,Polygender
410,Bat,Yurlov,,Polygender
411,Paulo,,pwiffillbe@hhs.gov,Bigender
412,Huberto,July,hjulybf@sohu.com,Non-binary
413,,Downer,sdownerbg@typepad.com,Agender
414,Mathilda,Simpkin,,Agender
415,Vivianna,Danskine,vdanskinebi@tumblr.com,Male
416,Frank,Forder,fforderbj@google.co.uk,Non-binary
417,Latrena,MacCumeskey,lmaccumeskeybk@tinypic.com,Agender
418,Kennie,Moxstead,kmoxsteadbl@flickr.com,Female
419,Dulcine,Floyd,dfloydbm@vimeo.com,Genderfluid
420,,Halhead,shalheadbn@china.com.cn,Agender
421,Agatha,Bollam,abollambo@ibm.com,Female
422,Patrice,Jentet,pjentetbp@sohu.com,Male
423,Winifred,,wnewvillbq@goodreads.com,Genderqueer
424,Alyson,Peealess,apeealessbr@slate.com,
425,Penrod,Kubera,pkuberabs@washington.edu,
426,Horacio,Levane,hlevanebt@blogtalkradio.com,Male
427,Matthew,Smallridge,msmallridgebu@is.gd,Genderqueer
428,Vachel,Nuzzti,vnuzztibv@miibeian.gov.cn,Bigender
429,Johannes,Melmeth,jmelmethbw@vinaora.com,Female
430,Cazzie,Silburn,,Non-binary
431,Guss,,gshoulderby@nps.gov,Genderfluid
432,,Audiss,gaudissbz@artisteer.com,Female
433,,Capozzi,icapozzic0@phpbb.com,Genderfluid
434,Mel,Tewes,mtewesc1@amazon.co.jp,
435,Chevalier,Hellewell,chellewellc2@etsy.com,Agender
436,,Eton,setonc3@discovery.com,Male
437,Aleksandr,Tilmouth,atilmouthc4@opensource.org,Non-binary
438,Emlyn,Hamsher,,
439,Irma,Pimley,ipimleyc6@ucoz.com,Female
440,,Sains,dsainsc7@nsw.gov.au,Non-binary
441,Paulette,Cinavas,pcinavasc8@blog.com,Genderqueer
442,Winnie,Becerro,wbecerroc9@harvard.edu,Bigender
443,Joyous,,jarnaudica@vkontakte.ru,Genderqueer
444,,Greaves,cgreavescb@vinaora.com,Genderfluid
445,,Pilfold,bpilfoldcc@telegraph.co.uk,Male
446,,Mesnard,cmesnardcd@wikimedia.org,Genderfluid
447,Hebert,Matteacci,hmatteaccice@usda.gov,Female
448,Heriberto,Jardin,hjardincf@paypal.com,Non-binary
449,Marmaduke,Ballentime,mballentimecg@oakley.com,Bigender
450,Priscella,Maeer,pmaeerch@washingtonpost.com,Bigender
451,Berkeley,Wickham,bwickhamci@wunderground.com,Genderfluid
452,Fleurette,,fdreyecj@behance.net,Genderfluid
453,,Czyz,aczyzck@cbslocal.com,Genderfluid
454,Agustin,,afuttercl@mozilla.com,Male
455,,McKerron,fmckerroncm@ifeng.com,Genderfluid
456,Meir,Sayburn,msayburncn@google.es,Male
457,Guglielma,Robichon,grobichonco@cloudflare.com,Genderqueer
458,Jaimie,Yarnell,jyarnellcp@huffingtonpost.com,Genderfluid
459,Wallis,Tivnan,wtivnancq@mail.ru,Genderqueer
460,Pammy,Meredyth,pmeredythcr@narod.ru,Female
461,Paulo,Benoi,pbenoics@xing.com,Genderfluid
462,,Balasini,lbalasinict@ycombinator.com,Non-binary
463,,Yushkin,oyushkincu@smugmug.com,Polygender
464,Granville,,gstobbiecv@weebly.com,
465,Janice,Feild,jfeildcw@nhs.uk,Bigender
466,Elnora,Stolberger,estolbergercx@de.vu,Non-binary
467,Gisela,Ridgewell,gridgewellcy@geocities.com,Non-binary
468,Blondell,Biagi,bbiagicz@nba.com,Polygender
469,Husein,Cato,hcatod0@com.com,Agender
470,Karlan,Kinker,kkinkerd1@smh.com.au,Agender
471,Veronique,Firmage,vfirmaged2@trellian.com,Male
472,Vivianna,Triplow,,Agender
473,Ashlin,Arnout,,Genderfluid
474,Jenine,Eskriet,jeskrietd5@artisteer.com,Genderfluid
475,Yehudit,Skeath,yskeathd6@sciencedirect.com,Male
476,,Mountcastle,,Male
477,Celestyna,Wederell,cwederelld8@alexa.com,Agender
478,,Whitecross,lwhitecrossd9@hud.gov,Female
479,Jacinda,Greser,jgreserda@latimes.com,Non-binary
480,Myra,Donavan,mdonavandb@jalbum.net,Bigender
481,Avigdor,Spatoni,aspatonidc@seattletimes.com,Genderfluid
482,Annabel,Witcomb,awitcombdd@themeforest.net,
483,Ag,Krinks,akrinksde@mac.com,Female
484,Sanson,Gorham,sgorhamdf@cnbc.com,Female
485,Dex,,dmatherdg@spotify.com,Agender
486,Patrice,Redit,preditdh@amazon.co.uk,Bigender
487,Evelina,O'Daly,eodalydi@toplist.cz,Agender
488,,Geraldi,vgeraldidj@pbs.org,Genderqueer
489,Rolando,Biasotti,rbiasottidk@live.com,Agender
490,Kelly,Draper,kdraperdl@paginegialle.it,Polygender
491,Brandice,Cheers,bcheersdm@blogger.com,Female
492,Celinka,Risso,crissodn@sogou.com,Genderqueer
493,Joey,Franklen,,Bigender
494,Carline,Graser,cgraserdp@comcast.net,Genderqueer
495,Mignon,Allright,mallrightdq@eventbrite.com,Genderqueer
496,Claybourne,Brunnen,cbrunnendr@ycombinator.com,Genderfluid
497,Barr,,bdownhamds@ucsd.edu,Polygender
498,Hali,Weetch,hweetchdt@sina.com.cn,
499,Aylmar,,aetchesdu@51.la,Genderfluid
500,Lindon,Quail,lquaildv@vistaprint.com,Male
501,Egbert,Easom,eeasomdw@hc360.com,Bigender
502,Graig,Dalziel,gdalzieldx@state.gov,Non-binary
503,Norrie,Gourley,ngourleydy@123-reg.co.uk,Bigender
504,Margarete,Crowdy,mcrowdydz@desdev.cn,Genderqueer
505,Preston,Lamberti,plambertie0@blogs.com,Polygender
506,Padgett,Ledwidge,,
507,Kati,Rix,krixe2@linkedin.com,Polygender
508,Mela,Spellman,mspellmane3@geocities.jp,Genderqueer
509,Nola,Littell,nlittelle4@illinois.edu,Non-binary
510,Mari,Skirving,mskirvinge5@plala.or.jp,Female
511,Viva,Faucherand,vfaucherande6@rakuten.co.jp,Bigender
512,Cherye,Marie,cmariee7@cdbaby.com,Female
513,Dorothee,Crombie,dcrombiee8@netvibes.com,Bigender
514,Mikol,Vanetti,mvanettie9@photobucket.com,
515,Payton,Sokell,psokellea@studiopress.com,Genderqueer
516,Devin,,dchasmareb@de.vu,Agender
517,Bill,Fusedale,bfusedaleec@so-net.ne.jp,Male
518,Annadiana,Floch,afloched@edublogs.org,
519,Temple,,tguillilandee@apple.com,Polygender
520,Matteo,Pendred,mpendredef@spotify.com,Bigender
521,Bill,Bulluck,bbulluckeg@cyberchimps.com,Polygender
522,Rabi,Wishkar,rwishkareh@un.org,Bigender
523,,Crickmer,ecrickmerei@yolasite.com,Genderqueer
524,Kathye,Clemens,kclemensej@vinaora.com,Agender
525,Jobey,,jlerouxek@miibeian.gov.cn,Genderqueer
526,,Varnham,cvarnhamel@cnbc.com,Female
527,Max,Birtles,,
528,Vincent,Logsdail,vlogsdailen@t.co,
529,Riley,Ruckman,rruckmaneo@example.com,Genderfluid
530,Ronnie,Glazer,rglazerep@wisc.edu,Agender
531,Sampson,Mackinder,smackindereq@delicious.com,Polygender
532,,Kitteringham,mkitteringhamer@ning.com,Agender
533,Bobbie,,bboullines@clickbank.net,Male
534,Iormina,Puleque,ipulequeet@liveinternet.ru,Male
535,Jodie,Winser,jwinsereu@meetup.com,Genderqueer
536,Desi,Paulig,dpauligev@samsung.com,Polygender
537,Leontyne,Dufore,lduforeew@is.gd,Male
538,Marten,Spaven,mspavenex@telegraph.co.uk,Genderfluid
539,Gert,Haslen,ghasleney@usda.gov,Non-binary
540,Cornie,MacIlriach,cmacilriachez@seesaa.net,Genderqueer
541,Rebeca,Le Bosse,rlebossef0@mozilla.org,Male
542,Ruthe,,rzupaf1@biblegateway.com,Bigender
543,,Pidgeley,kpidgeleyf2@deliciousdays.com,
544,Doti,Erangey,derangeyf3@hugedomains.com,
545,Julissa,Magor,jmagorf4@shareasale.com,Agender
546,Lay,Kemster,lkemsterf5@wsj.com,
547,Delainey,Feak,dfeakf6@pen.io,Bigender
548,Warner,,wcovetf7@people.com.cn,Genderqueer
549,Leonidas,Gulleford,lgullefordf8@exblog.jp,Genderqueer
550,Scott,Emmett,semmettf9@samsung.com,Genderqueer
551,,Jenk,kjenkfa@cloudflare.com,Non-binary
552,Magnum,Flounders,mfloundersfb@ovh.net,Polygender
553,Daniele,Zottoli,dzottolifc@shareasale.com,Bigender
554,Thom,Antrim,tantrimfd@ning.com,Genderqueer
555,Nerte,Eliaz,,Bigender
556,Kristofer,Cudbertson,kcudbertsonff@goodreads.com,Genderfluid
557,,Weekes,cweekesfg@nbcnews.com,Bigender
558,Dania,Delmage,ddelmagefh@webmd.com,Male
559,Fancie,Prattin,fprattinfi@prnewswire.com,Male
560,Jaye,Shawl,jshawlfj@desdev.cn,
561,Buddie,Dumper,bdumperfk@livejournal.com,Genderqueer
562,Udale,Margeram,umargeramfl@flavors.me,Female
563,Marna,Yesson,myessonfm@google.com.br,Female
564,Moe,Zapatero,mzapaterofn@qq.com,Genderfluid
565,Svend,Galia,sgaliafo@ebay.com,Non-binary
566,,Lysaght,glysaghtfp@tinypic.com,Polygender
567,Shannon,Bladge,sbladgefq@msn.com,Non-binary
568,Cesya,Laddle,claddlefr@sciencedirect.com,
569,Brittney,Vasenin,bvaseninfs@un.org,Genderfluid
570,Blaine,Harkins,,
571,Carmen,,cpencostfu@usnews.com,Genderqueer
572,Iorgos,Bande,,Genderfluid
573,Yevette,Goldin,ygoldinfw@soundcloud.com,Genderfluid
574,Jodie,Sanham,jsanhamfx@google.com,Non-binary
575,Natassia,Mithon,nmithonfy@usnews.com,Female
576,Madlin,Eddies,meddiesfz@godaddy.com,Non-binary
577,,Maes,jmaesg0@addthis.com,Male
578,Gail,Rikel,grikelg1@godaddy.com,Male
579,Perry,Dorney,,Polygender
580,Louisette,,lkocheg3@wikimedia.org,Non-binary
581,Magdalene,,mparadeg4@prlog.org,Non-binary
582,Kati,Zute,kzuteg5@360.cn,Female
583,Odelia,Hrinchenko,ohrinchenkog6@typepad.com,Genderfluid
584,Quinn,Novak,qnovakg7@uiuc.edu,Non-binary
585,Estel,Sheryne,esheryneg8@chicagotribune.com,Agender
586,Kaitlynn,Seefus,kseefusg9@unesco.org,Non-binary
587,Mikkel,Keeri,mkeeriga@aboutads.info,Genderfluid
588,Bili,Trivett,btrivettgb@hud.gov,Genderfluid
589,Dalila,Pennrington,,Male
590,,Dufour,,Non-binary
591,Gladys,Trodden,gtroddenge@amazon.de,Bigender
592,Orson,Feben,ofebengf@purevolume.com,Agender
593,Ashbey,Cheeke,,Non-binary
594,Jan,Gaitskill,jgaitskillgh@altervista.org,Genderqueer
595,Viv,Fishleigh,vfishleighgi@epa.gov,Male
596,Romonda,Godlip,rgodlipgj@wordpress.com,Polygender
597,Casi,Welberry,,Female
598,Perkin,Landrick,plandrickgl@lycos.com,Agender
599,Hodge,,hhenrichsgm@rakuten.co.jp,Agender
600,,Ivanov,jivanovgn@exblog.jp,Non-binary
601,Tim,Giberd,tgiberdgo@bloglovin.com,Agender
602,Cart,Sweed,csweedgp@odnoklassniki.ru,Genderqueer
603,Friedrich,Corley,,
604,Micheal,,mfratsongr@cafepress.com,Agender
605,Bartlet,Killiam,bkilliamgs@columbia.edu,Female
606,Keen,Winfrey,kwinfreygt@goodreads.com,Female
607,Pail,Rosindill,prosindillgu@msn.com,Agender
608,Jabez,Alekseev,jalekseevgv@dailymail.co.uk,Agender
609,Shelagh,Heminsley,sheminsleygw@edublogs.org,Female
610,Iain,Aykroyd,iaykroydgx@joomla.org,Non-binary
611,Meade,Nicholas,mnicholasgy@spotify.com,Genderqueer
612,Mei,Bengefield,,Polygender
613,Kev,Wastell,kwastellh0@disqus.com,Bigender
614,,Fisby,afisbyh1@google.de,Female
615,Gwenette,Brecknall,gbrecknallh2@loc.gov,Agender
616,Morten,Reggio,mreggioh3@histats.com,Female
617,Rois,Hollows,rhollowsh4@cornell.edu,
618,Gustav,Pond-Jones,gpondjonesh5@prlog.org,Bigender
619,Emmalynn,Ozanne,eozanneh6@4shared.com,Agender
620,Tracy,Fairburn,tfairburnh7@quantcast.com,Polygender
621,Janet,Meneghelli,jmeneghellih8@eventbrite.com,Female
622,,Grindley,agrindleyh9@businesswire.com,Female
623,Alphonse,Scholig,ascholigha@spiegel.de,Female
624,Glenda,Humbert,ghumberthb@scribd.com,Bigender
625,Sig,Llopis,sllopishc@freewebs.com,Bigender
626,,Heijnen,theijnenhd@mysql.com,Non-binary
627,,Hellikes,phellikeshe@themeforest.net,Female
628,Alys,MacMearty,,Female
629,Rebeka,,rstlouishg@usgs.gov,Genderfluid
630,Godfry,Borgars,gborgarshh@vistaprint.com,Genderqueer
631,Daphna,Arnefield,darnefieldhi@usatoday.com,Non-binary
632,Elke,Vasilov,evasilovhj@vinaora.com,Male
633,,Zanioletti,lzaniolettihk@engadget.com,Bigender
634,Aymer,Spellacy,aspellacyhl@ifeng.com,Male
635,Bobette,Francioli,bfranciolihm@icq.com,Non-binary
636,Margit,Hambatch,mhambatchhn@wikimedia.org,Male
637,Wilhelmine,Warlock,wwarlockho@nature.com,Male
638,Rolf,Gribben,rgribbenhp@1und1.de,Agender
639,Kissiah,Ferrierio,kferrieriohq@mysql.com,Female
640,Clem,Karpe,ckarpehr@newyorker.com,Male
641,Kacey,Abbotson,kabbotsonhs@livejournal.com,Female
642,Claus,Reed,creedht@myspace.com,Bigender
643,Marty,Piaggia,mpiaggiahu@macromedia.com,Agender
644,Prue,Orr,porrhv@virginia.edu,Female
645,Waldo,Maeer,wmaeerhw@amazon.com,Agender
646,Junia,Rollings,jrollingshx@desdev.cn,Agender
647,Terrie,Majury,tmajuryhy@slideshare.net,Genderqueer
648,Berton,Edworthye,,Polygender
649,Jojo,Klimkov,jklimkovi0@godaddy.com,Non-binary
650,Ysabel,Potteridge,,Female
651,Katalin,Harse,kharsei2@instagram.com,Male
652,Yolane,,ythorburni3@nydailynews.com,Agender
653,Nickolai,Faltin,nfaltini4@prnewswire.com,Non-binary
654,Becka,Bussons,bbussonsi5@comcast.net,Genderfluid
655,,Flattman,aflattmani6@com.com,Genderqueer
656,Gibbie,Fairley,gfairleyi7@wikimedia.org,
657,Pernell,Oda,podai8@tumblr.com,Genderqueer
658,Belicia,Brayley,bbrayleyi9@arizona.edu,Genderqueer
659,Chilton,Lettsom,,Agender
660,Josey,Tremain,jtremainib@printfriendly.com,Polygender
661,,Chalker,bchalkeric@walmart.com,Agender
662,,Middleditch,amiddleditchid@smh.com.au,Genderqueer
663,Bliss,Pimblotte,bpimblotteie@creativecommons.org,Female
664,Yancey,McChruiter,ymcchruiterif@plala.or.jp,Male
665,Morris,Greed,mgreedig@berkeley.edu,Polygender
666,,Ridings,lridingsih@blogger.com,Polygender
667,Budd,McKiernan,bmckiernanii@sohu.com,Genderqueer
668,Gerladina,Keech,gkeechij@github.io,Female
669,Trudie,,trimourik@zimbio.com,Agender
670,,Gitting,agittingil@t-online.de,Agender
671,Domeniga,Barrett,dbarrettim@slate.com,Bigender
672,Shir,Sallows,ssallowsin@go.com,Polygender
673,Noak,Vinten,nvintenio@plala.or.jp,Female
674,Rhetta,Barrabeale,rbarrabealeip@dell.com,Genderfluid
675,Claudina,,cjergeriq@bluehost.com,
676,Toby,Brosel,tbroselir@dailymail.co.uk,Non-binary
677,Joelly,Renneke,jrennekeis@state.tx.us,Bigender
678,Lammond,Cocker,lcockerit@dot.gov,Non-binary
679,,Krollmann,akrollmanniu@icq.com,
680,Kory,Goldin,kgoldiniv@xinhuanet.com,Non-binary
681,Jacintha,Rebichon,,Non-binary
682,,Seabridge,aseabridgeix@globo.com,Agender
683,Fanni,Revitt,frevittiy@sitemeter.com,Non-binary
684,Adriena,Tyler,atyleriz@naver.com,
685,Klement,Pickle,kpicklej0@a8.net,Polygender
686,Ambros,Antony,aantonyj1@hexun.com,Female
687,Andriette,Rigmand,arigmandj2@hhs.gov,Female
688,Annamaria,Duckett,aduckettj3@mediafire.com,Agender
689,Verla,Awmack,vawmackj4@tripod.com,Genderqueer
690,,Gabbitus,ggabbitusj5@dell.com,Polygender
691,Sherline,Tring,stringj6@un.org,Male
692,Kinnie,Lambal,klambalj7@umich.edu,Agender
693,Adah,Syms,asymsj8@squarespace.com,Genderqueer
694,Cherin,Jovey,cjoveyj9@webmd.com,Polygender
695,Darcy,Rodd,droddja@cam.ac.uk,Polygender
696,Clyve,Nelsey,,Polygender
697,Shaw,Haskell,shaskelljc@paypal.com,Genderfluid
698,Den,,dbaughjd@irs.gov,Bigender
699,,Eveling,revelingje@vimeo.com,Bigender
700,Alden,Savidge,asavidgejf@arizona.edu,Agender
701,Janifer,Firks,jfirksjg@sitemeter.com,Male
702,Mathias,Stonelake,mstonelakejh@patch.com,Non-binary
703,Clerissa,,clewcockji@yellowbook.com,Polygender
704,D'arcy,Pattison,dpattisonjj@gizmodo.com,Genderfluid
705,,Errington,terringtonjk@reverbnation.com,Non-binary
706,Marchall,Lawrence,mlawrencejl@123-reg.co.uk,Male
707,Lewiss,Stiger,,Genderfluid
708,Tam,Tallyn,ttallynjn@lulu.com,Male
709,Glyn,Vinten,gvintenjo@xing.com,Female
710,Cymbre,Terram,cterramjp@purevolume.com,Male
711,Brandyn,Barkaway,bbarkawayjq@toplist.cz,
712,Britt,Enston,benstonjr@deliciousdays.com,Bigender
713,Guillermo,Woolens,gwoolensjs@multiply.com,Female
714,,Paullin,epaullinjt@bloomberg.com,Polygender
715,Hermann,Deakin,hdeakinju@wikispaces.com,Polygender
716,Goddard,Philot,gphilotjv@indiegogo.com,Female
717,Leif,Robers,lrobersjw@nature.com,Male
718,Rafi,Teasey,rteaseyjx@jalbum.net,Genderfluid
719,Jessie,McCrachen,jmccrachenjy@dropbox.com,Non-binary
720,Nedi,Gallimore,,Agender
721,Ursulina,Rylatt,urylattk0@geocities.com,Polygender
722,,Crips,rcripsk1@springer.com,Genderfluid
723,Dinah,Payle,dpaylek2@sbwire.com,Genderfluid
724,Roderic,Pressman,rpressmank3@wsj.com,Non-binary
725,Dona,Scolts,dscoltsk4@shinystat.com,Agender
726,Lee,Dight,ldightk5@loc.gov,Female
727,,Checkley,,Non-binary
728,Chrystel,Frail,cfrailk7@blinklist.com,Polygender
729,Avrit,,asimek8@blogspot.com,Genderqueer
730,Gussi,,ghatryk9@nih.gov,Polygender
731,,Alvaro,dalvaroka@columbia.edu,Agender
732,Lynn,Muzzlewhite,,Female
733,Deloris,Cragell,dcragellkc@census.gov,Male
734,Jillayne,Greason,jgreasonkd@webeden.co.uk,Agender
735,Marlee,Clayson,mclaysonke@eepurl.com,
736,Tate,Jeffree,tjeffreekf@bizjournals.com,Agender
737,Robinet,Domniney,rdomnineykg@bigcartel.com,Polygender
738,Bastien,Smallpeace,bsmallpeacekh@jiathis.com,Non-binary
739,Amber,Charpin,acharpinki@mail.ru,
740,,Dimic,adimickj@sogou.com,Polygender
741,Gwenore,Patrick,gpatrickkk@sakura.ne.jp,Polygender
742,Casey,Rumsby,crumsbykl@msu.edu,Bigender
743,Gypsy,Gerin,ggerinkm@behance.net,Polygender
744,Lane,Avraam,lavraamkn@reverbnation.com,Agender
745,Yoshi,Mingay,ymingayko@mysql.com,Male
746,Miquela,Clineck,mclineckkp@free.fr,Genderqueer
747,Den,Ambridge,dambridgekq@intel.com,
748,Corrine,Lilleyman,clilleymankr@ox.ac.uk,Genderqueer
749,Stearn,,sparbrookks@geocities.com,Non-binary
750,Frederica,Scottesmoor,fscottesmoorkt@prlog.org,Agender
751,Derron,Kenney,dkenneyku@ucoz.com,Genderqueer
752,Marthena,Garrick,mgarrickkv@arstechnica.com,Genderfluid
753,Jonas,Luckin,jluckinkw@census.gov,Male
754,Eimile,Lebarree,elebarreekx@wikia.com,Non-binary
755,Karlotta,Phin,kphinky@plala.or.jp,Polygender
756,Feodora,Stilwell,fstilwellkz@fotki.com,Agender
757,Lexy,Cattenach,lcattenachl0@cyberchimps.com,Female
758,Fletch,Syalvester,fsyalvesterl1@nymag.com,Genderqueer
759,Mel,Tyer,mtyerl2@japanpost.jp,Non-binary
760,Salim,Niccols,sniccolsl3@discovery.com,Female
761,Shaylynn,Turbayne,sturbaynel4@ask.com,Male
762,,Cassels,mcasselsl5@xinhuanet.com,Bigender
763,Xavier,Connal,xconnall6@cisco.com,
764,Marielle,Agneau,magneaul7@discovery.com,Genderfluid
765,,,abramalll8@tinypic.com,Male
766,,Kluss,gklussl9@deliciousdays.com,Genderqueer
767,Jolie,de Copeman,jdecopemanla@xing.com,Bigender
768,Clive,Frape,cfrapelb@miibeian.gov.cn,Female
769,Paco,Spering,psperinglc@rediff.com,Genderqueer
770,Henrieta,Oxtoby,hoxtobyld@amazonaws.com,Genderfluid
771,Bertha,Calcraft,bcalcraftle@businessweek.com,Female
772,Trip,Ciotto,tciottolf@yellowbook.com,Genderfluid
773,Monique,Cleeton,mcleetonlg@newyorker.com,Bigender
774,Sharity,Ludford,sludfordlh@fda.gov,Genderfluid
775,Neddy,Domm,,Non-binary
776,,Afonso,,Bigender
777,Maggie,Ffrench,,Genderfluid
778,Row,Hasser,rhasserll@tuttocitta.it,Bigender
779,Alwyn,Spinas,aspinaslm@addthis.com,Genderfluid
780,Allyn,Hackney,,Genderfluid
781,Truda,Kohnen,tkohnenlo@wordpress.org,Agender
782,Ezechiel,Shipsey,,Genderfluid
783,Consuelo,Moynham,cmoynhamlq@wikipedia.org,Genderfluid
784,,Garritley,dgarritleylr@timesonline.co.uk,Genderfluid
785,Nollie,McGiveen,,Agender
786,Brynna,Middas,bmiddaslt@shareasale.com,Bigender
787,Bret,Prosch,bproschlu@nydailynews.com,Female
788,Vitoria,Thaw,vthawlv@cbslocal.com,Bigender
789,Ashlin,Barkly,abarklylw@parallels.com,Non-binary
790,Graeme,Abell,,Polygender
791,Sancho,Cooling,,Genderfluid
792,Ethan,,eoleahylz@google.cn,Genderfluid
793,Diann,Cobley,dcobleym0@wordpress.com,Bigender
794,Maggee,Shakespear,mshakespearm1@google.com.br,Male
795,Marcela,Girault,mgiraultm2@e-recht24.de,Bigender
796,,Persent,fpersentm3@ocn.ne.jp,Non-binary
797,Faina,McLeese,,Genderfluid
798,Edik,MacCurtain,emaccurtainm5@ted.com,Agender
799,Marlena,McEntee,,Non-binary
800,Abbie,Rogier,arogierm7@amazon.co.uk,
801,,D'eath,pdeathm8@craigslist.org,Agender
802,,Halse,,Bigender
803,Tannie,Burness,tburnessma@gmpg.org,Genderqueer
804,,Greenard,ggreenardmb@elegantthemes.com,Polygender
805,Martynne,Witheford,mwithefordmc@youku.com,Genderfluid
806,Karlyn,Crome,kcromemd@loc.gov,Non-binary
807,Cinnamon,Paula,cpaulame@utexas.edu,Non-binary
808,Maximilian,Garry,mgarrymf@live.com,Male
809,,Devita,sdevitamg@google.co.jp,Polygender
810,Fowler,Isaacson,fisaacsonmh@google.com.hk,Polygender
811,Lucas,Vodden,lvoddenmi@youtube.com,Female
812,Klaus,Bragger,kbraggermj@wsj.com,Genderqueer
813,,Mosco,cmoscomk@tinypic.com,Polygender
814,Lark,Jillis,ljillisml@umich.edu,Genderfluid
815,Ethelin,Codlin,ecodlinmm@discuz.net,Female
816,Vernor,Borwick,vborwickmn@dion.ne.jp,Bigender
817,Reg,Caswell,rcaswellmo@posterous.com,Non-binary
818,,,jpoulglaismp@cargocollective.com,Genderfluid
819,Tybie,Maine,tmainemq@reference.com,Female
820,Clement,Olwen,colwenmr@wikipedia.org,Agender
821,,Austick,jaustickms@smh.com.au,Bigender
822,Florencia,Shambroke,fshambrokemt@hibu.com,Genderfluid
823,Jacklyn,Vicioso,jviciosomu@360.cn,Genderqueer
824,Brooke,Bendik,bbendikmv@wix.com,Bigender
825,Perren,Balaisot,pbalaisotmw@thetimes.co.uk,Agender
826,,Toghill,atoghillmx@narod.ru,Female
827,Michaelina,,mcontimy@diigo.com,Genderfluid
828,Jorry,Evequot,jevequotmz@boston.com,Genderfluid
829,Kimmie,Janos,kjanosn0@google.ca,
830,Stephine,Francescozzi,sfrancescozzin1@webs.com,Non-binary
831,Audry,Draycott,adraycottn2@nps.gov,Bigender
832,Junie,Folkerts,jfolkertsn3@blogs.com,Polygender
833,Fairfax,Vallentin,fvallentinn4@upenn.edu,Agender
834,Massimiliano,Dwine,mdwinen5@state.tx.us,Genderfluid
835,Maura,Weale,mwealen6@rakuten.co.jp,Non-binary
836,,Mattsson,jmattssonn7@businessinsider.com,Genderfluid
837,Sharon,Titman,stitmann8@sina.com.cn,Non-binary
838,Bronson,Bonehill,bbonehilln9@uiuc.edu,Female
839,Alexina,Hallmark,ahallmarkna@sina.com.cn,Bigender
840,Ashla,,abigginnb@dedecms.com,Bigender
841,Merline,Allen,mallennc@techcrunch.com,Male
842,,Agerskow,cagerskownd@reference.com,Agender
843,L;urette,Adamo,,Genderfluid
844,,Delea,sdeleanf@spiegel.de,Female
845,Jacquette,Wolstencroft,,Agender
846,Anthia,Brookes,,Genderfluid
847,Bernette,Capenor,bcapenorni@instagram.com,Female
848,Joete,Millea,jmilleanj@i2i.jp,Female
849,Oliviero,Eliot,oeliotnk@indiatimes.com,
850,Vinnie,Flury,vflurynl@posterous.com,Genderqueer
851,Jethro,,jtwiggenm@java.com,Female
852,Vincents,Wiffen,vwiffennn@youku.com,Agender
853,Teddie,Mila,tmilano@seattletimes.com,Polygender
854,Vannie,Hukin,vhukinnp@washington.edu,Genderfluid
855,,Hartly,whartlynq@phoca.cz,Male
856,Friedrick,Danby,fdanbynr@feedburner.com,Genderfluid
857,Frasquito,Mault,fmaultns@timesonline.co.uk,Male
858,Gabie,Thiese,gthiesent@weebly.com,Polygender
859,Veda,Kezor,vkezornu@woothemes.com,Bigender
860,Magdaia,Drayton,,Non-binary
861,Dino,,dstanernw@domainmarket.com,Non-binary
862,Whitney,Grierson,,Non-binary
863,Hollyanne,Court,hcourtny@goo.ne.jp,
864,Fiorenze,Allright,fallrightnz@marketwatch.com,Non-binary
865,Karlyn,Cargill,kcargillo0@blogtalkradio.com,Polygender
866,Agustin,Pendle,apendleo1@boston.com,Bigender
867,Vail,Wyness,vwynesso2@pcworld.com,Bigender
868,,Dexter,gdextero3@networkadvertising.org,Female
869,Janot,Ellacott,,Agender
870,,Chitson,,Non-binary
871,Druci,Martschik,dmartschiko6@jigsy.com,Bigender
872,Kelley,Morrice,kmorriceo7@google.ru,Female
873,Felicle,Brunotti,fbrunottio8@cnn.com,Bigender
874,Boote,Mandrake,bmandrakeo9@live.com,Polygender
875,Dara,Almack,dalmackoa@who.int,
876,,Habishaw,dhabishawob@artisteer.com,
877,Sholom,Margetts,smargettsoc@youku.com,Genderqueer
878,Tessa,Garcia,tgarciaod@washington.edu,Female
879,Lionello,Schowenburg,lschowenburgoe@github.com,Genderfluid
880,Sallyanne,Fendley,sfendleyof@gov.uk,Polygender
881,Ebonee,Marjoram,emarjoramog@theatlantic.com,Genderfluid
882,Derwin,Nealy,dnealyoh@stumbleupon.com,Bigender
883,Moishe,Siss,msissoi@disqus.com,Genderqueer
884,Pammy,Pallant,,Genderfluid
885,Kate,Pilger,kpilgerok@360.cn,Genderqueer
886,,Ackrill,fackrillol@bloglines.com,Agender
887,,Tirrey,mtirreyom@deviantart.com,Non-binary
888,Mandel,Issett,missetton@shinystat.com,Genderqueer
889,Skipper,Kristiansen,skristiansenoo@tripod.com,Genderqueer
890,Vincents,Mettetal,vmettetalop@privacy.gov.au,Polygender
891,Maritsa,Cahen,mcahenoq@wiley.com,
892,Tamara,,,Genderfluid
893,Paulie,Barnaby,pbarnabyos@google.co.uk,Bigender
894,Bendicty,Pace,bpaceot@answers.com,Genderqueer
895,Blondy,Dorney,bdorneyou@kickstarter.com,Genderqueer
896,,Davidek,,Bigender
897,Tiler,Burgwin,tburgwinow@123-reg.co.uk,Genderqueer
898,Mikel,,mwheelerox@uol.com.br,Genderfluid
899,Brok,O'Leary,bolearyoy@ucsd.edu,
900,Kassia,McGilvra,kmcgilvraoz@whitehouse.gov,Agender
901,Dynah,Rogeon,drogeonp0@buzzfeed.com,Genderfluid
902,,Seares,dsearesp1@alexa.com,Bigender
903,Mattie,Bromehed,mbromehedp2@eepurl.com,Bigender
904,Emogene,Smyth,esmythp3@github.com,Non-binary
905,Crystie,Letchmore,cletchmorep4@gov.uk,Genderfluid
906,Stephani,Robet,srobetp5@cam.ac.uk,Female
907,Sherri,Wield,swieldp6@nationalgeographic.com,
908,,Fealty,afealtyp7@t.co,Polygender
909,Sally,Sybbe,ssybbep8@yahoo.com,Genderfluid
910,Herman,Gheeorghie,hgheeorghiep9@addthis.com,
911,Bastian,Churchward,bchurchwardpa@tripadvisor.com,Genderfluid
912,Amandie,Wheeler,awheelerpb@rambler.ru,Bigender
913,,Moulin,amoulinpc@meetup.com,Genderfluid
914,Kaylil,Cawkill,,Female
915,Amber,Besnard,abesnardpe@unc.edu,Polygender
916,Kandy,Wardingley,kwardingleypf@chron.com,Female
917,,Caulcutt,lcaulcuttpg@ustream.tv,Genderfluid
918,Robbie,Colley,rcolleyph@wired.com,Female
919,Felipe,Farrell,ffarrellpi@pcworld.com,Female
920,Jonathan,Maes,jmaespj@google.com.br,Male
921,Tandy,Ebdon,tebdonpk@hubpages.com,Genderqueer
922,Barbabra,Feehily,bfeehilypl@arstechnica.com,Bigender
923,Clovis,Langcaster,clangcasterpm@arstechnica.com,Genderfluid
924,Adrian,Pickhaver,apickhaverpn@reuters.com,
925,,,sfeeneypo@altervista.org,Genderfluid
926,Vic,Newitt,vnewittpp@bloomberg.com,
927,Tybie,Harbidge,tharbidgepq@moonfruit.com,Bigender
928,Aluin,Meredith,ameredithpr@webnode.com,
929,Dinah,Veracruysse,dveracruysseps@studiopress.com,Agender
930,Andy,Messam,amessampt@scribd.com,Non-binary
931,Hermione,Janouch,hjanouchpu@baidu.com,Agender
932,Stan,Manoelli,smanoellipv@discuz.net,
933,Normy,,nmargachpw@wikipedia.org,Polygender
934,Dale,Plumley,dplumleypx@merriam-webster.com,Non-binary
935,Tove,Burthom,tburthompy@geocities.com,Male
936,Rhona,Smalman,rsmalmanpz@1und1.de,Polygender
937,Gabriela,Olivazzi,golivazziq0@stanford.edu,Bigender
938,Emelina,Pridmore,epridmoreq1@time.com,Female
939,Farra,Goodbanne,fgoodbanneq2@discuz.net,Genderqueer
940,Miller,Crole,mcroleq3@cmu.edu,Male
941,Gert,Fenkel,gfenkelq4@umn.edu,Male
942,Eddie,,econstanzaq5@istockphoto.com,Bigender
943,Hunter,Huxtable,hhuxtableq6@1und1.de,Genderfluid
944,Beverley,Guyer,bguyerq7@redcross.org,Agender
945,Denis,Mathevet,dmathevetq8@google.ca,Non-binary
946,Adelind,Nuss,anussq9@plala.or.jp,Polygender
947,Joye,McKeady,jmckeadyqa@etsy.com,Agender
948,Kale,Brockherst,,Genderqueer
949,Towny,Delacour,tdelacourqc@opera.com,
950,,Flay,qflayqd@stanford.edu,Genderqueer
951,Georgeanne,Sponder,gsponderqe@liveinternet.ru,Genderqueer
952,Chloette,,csnoddonqf@un.org,Female
953,Hanan,Quincey,hquinceyqg@constantcontact.com,Genderqueer
954,Caye,Taw,ctawqh@sakura.ne.jp,
955,Diannne,Elleray,,Bigender
956,Nikolas,Verheyden,nverheydenqj@51.la,Agender
957,,Russam,jrussamqk@wix.com,Male
958,Gizela,Gemeau,ggemeauql@clickbank.net,Genderfluid
959,Tobie,Pearcey,,
960,Barris,Teulier,bteulierqn@apple.com,Male
961,Emmanuel,Kissick,ekissickqo@globo.com,Female
962,Elspeth,Blackham,eblackhamqp@noaa.gov,Male
963,Clement,Muffett,cmuffettqq@uol.com.br,
964,Gilemette,Wenderott,gwenderottqr@wordpress.com,Genderfluid
965,,Lapere,,Genderqueer
966,,Lucey,rluceyqt@last.fm,Female
967,Paulette,Kermon,pkermonqu@cmu.edu,Polygender
968,Sena,MacGruer,smacgruerqv@elegantthemes.com,Genderqueer
969,Marcia,Collacombe,mcollacombeqw@ucsd.edu,Genderfluid
970,Gradey,,gtendahlqx@nydailynews.com,Bigender
971,Corby,Snufflebottom,,Non-binary
972,,,bpateqz@redcross.org,Polygender
973,Seka,Grangier,sgrangierr0@oracle.com,Bigender
974,Waring,Dedman,wdedmanr1@joomla.org,Genderfluid
975,Irma,Breston,ibrestonr2@ucla.edu,Female
976,Bonnee,Lamacraft,blamacraftr3@goo.gl,Female
977,Reamonn,Iacavone,riacavoner4@springer.com,Genderfluid
978,Arty,Vaskov,avaskovr5@istockphoto.com,Genderfluid
979,Holly-anne,Waylen,hwaylenr6@archive.org,Agender
980,Magdaia,Reitenbach,,Non-binary
981,,,oowainr8@angelfire.com,Genderqueer
982,Elana,Manns,emannsr9@themeforest.net,
983,,,elennonra@arstechnica.com,Genderfluid
984,Lulita,Stebbing,lstebbingrb@umich.edu,Bigender
985,Angelico,Petrus,apetrusrc@miibeian.gov.cn,
986,Gradeigh,Spellecy,gspellecyrd@myspace.com,Polygender
987,Idelle,Castellani,icastellanire@pcworld.com,Male
988,Reynard,Plunkett,rplunkettrf@spiegel.de,Genderfluid
989,Marylin,Gaines,mgainesrg@yahoo.co.jp,Female
990,Thea,Meco,tmecorh@hugedomains.com,Female
991,Shalne,Boissier,sboissierri@goo.gl,
992,Raeann,Fenner,rfennerrj@state.gov,
993,Gilli,Dilleway,gdillewayrk@github.io,Genderqueer
994,Emera,Muzzini,emuzzinirl@businessweek.com,
995,Lucina,Cabble,lcabblerm@photobucket.com,Polygender
996,Ingra,McDarmid,,Bigender
997,Lorne,Annett,lannettro@ucsd.edu,Non-binary
998,Garnette,Arunowicz,garunowiczrp@indiegogo.com,Polygender
999,Pearce,Simeoni,psimeonirq@boston.com,Genderqueer
1000,Aimee,Krojn,akrojnrr@nymag.com,Male
