id,first_name,last_name,email,gender,age
1,Odetta,Lake,olake0@google.fr,Male,26
2,Avigdor,Conwell,aconwell1@deviantart.com,Genderfluid,27
3,Mirelle,,mupex2@guardian.co.uk,,35
4,Seamus,Harnes,sharnes3@cnbc.com,Agender,78
5,Daryl,Bayford,dbayford4@nih.gov,Polygender,15
6,Parry,,pgoldsmith5@adobe.com,Polygender,15
7,Taite,Vasyutin,tvasyutin6@army.mil,Bigender,34
8,Juliana,Sweeting,jsweeting7@skype.com,Female,53
9,,Jahncke,tjahncke8@economist.com,Male,
10,Alvy,Ranaghan,,Female,48
11,Rosanna,Kowal,rkowala@yale.edu,Polygender,70
12,Mendel,Comazzo,mcomazzob@boston.com,Non-binary,25
13,,Smelley,wsmelleyc@reuters.com,Female,
14,Marcos,Eccott,meccottd@pbs.org,Polygender,33
15,Wynn,Dudden,,,50
16,Mikaela,Greenwell,mgreenwellf@csmonitor.com,Bigender,72
17,Renato,Evamy,revamyg@sitemeter.com,Female,55
18,Meryl,Cabble,mcabbleh@stumbleupon.com,Male,50
19,Robert,Quimby,rquimbyi@java.com,Female,77
20,Amandi,Woodyer,awoodyerj@usda.gov,Agender,45
21,Petronilla,Lambden,plambdenk@quantcast.com,Bigender,44
22,Hurlee,Comerford,hcomerfordl@hostgator.com,,61
23,,Forlonge,cforlongem@technorati.com,Genderfluid,
24,Craggie,Batchelar,cbatchelarn@boston.com,Genderqueer,58
25,Aprilette,,avickerso@shop-pro.jp,,24
26,Carmencita,Hawtry,chawtryp@stanford.edu,Female,12
27,Inglis,,imcnirlanq@latimes.com,,12
28,Bucky,,byounier@dailymotion.com,Female,30
29,Avril,Lamblin,alamblins@chron.com,Genderqueer,70
30,Marla,Natwick,,Non-binary,35
31,Dallas,Passion,dpassionu@cisco.com,Male,64
32,Madelon,Doone,mdoonev@godaddy.com,Genderqueer,65
33,Barrett,Cuss,bcussw@vinaora.com,Male,45
34,Sasha,Mewton,smewtonx@bloglovin.com,Polygender,31
35,Roderick,Backshell,rbackshelly@salon.com,Bigender,35
36,Bard,Arrington,barringtonz@linkedin.com,Female,19
37,Sander,Driussi,sdriussi10@dyndns.org,Non-binary,48
38,Aridatha,,ahumbatch11@dagondesign.com,Polygender,30
39,,Kuscha,mkuscha12@lycos.com,Agender,
40,Theresina,Norres,tnorres13@columbia.edu,Genderqueer,16
41,Mattias,Croney,mcroney14@dot.gov,Non-binary,44
42,Lura,Druett,ldruett15@tmall.com,Agender,41
43,,Ewins,aewins16@pcworld.com,Female,
44,Warde,Pallister,,Non-binary,27
45,Andy,Andriss,aandriss18@nytimes.com,Polygender,66
46,Melly,,mdanat19@yandex.ru,Genderfluid,73
47,Chickie,Wadhams,cwadhams1a@prlog.org,Female,78
48,Eran,,eeglington1b@gnu.org,Non-binary,59
49,Brent,Pedder,bpedder1c@multiply.com,Female,77
50,Berkley,,bgrayland1d@ucoz.ru,Agender,78
51,Mycah,Ilden,milden1e@cam.ac.uk,Polygender,63
52,Dolorita,Vennard,dvennard1f@163.com,Agender,41
53,Derick,Cottle,dcottle1g@omniture.com,Female,22
54,Rayner,Schriren,,,37
55,Way,,wdungey1i@answers.com,,36
56,Stanislaw,Colmore,scolmore1j@businessweek.com,Bigender,61
57,,de Pinna,bdepinna1k@taobao.com,Male,
58,Udell,Alvey,ualvey1l@mozilla.org,,40
59,Melitta,McDuall,mmcduall1m@ebay.com,Genderfluid,57
60,Cass,Arnley,carnley1n@economist.com,Female,60
61,Wald,Gaye,wgaye1o@google.com.hk,Genderqueer,64
62,Sven,Vitler,svitler1p@npr.org,Bigender,22
63,Johny,Harlowe,jharlowe1q@bloglines.com,Female,45
64,,,,Agender,
65,Filberte,Skillanders,fskillanders1s@usgs.gov,,59
66,Maryanna,Artingstall,martingstall1t@uol.com.br,Female,61
67,Cazzie,Linn,clinn1u@livejournal.com,Polygender,73
68,Levon,Jenicek,ljenicek1v@google.com,,31
69,Olenka,Silberschatz,osilberschatz1w@mac.com,,53
70,,Struan,,Female,
71,Lorelle,Cowton,lcowton1y@flickr.com,Bigender,52
72,Clarke,Whitrod,cwhitrod1z@furl.net,Male,50
73,Catie,Markham,cmarkham20@com.com,Agender,44
74,Odette,Westhofer,owesthofer21@themeforest.net,,61
75,Una,Lait,ulait22@rediff.com,Agender,26
76,Yoshiko,Carville,ycarville23@sogou.com,Genderqueer,35
77,Steffi,De Roeck,sderoeck24@spiegel.de,,71
78,Delly,Janton,djanton25@bandcamp.com,Female,23
79,Beatrice,Scaplehorn,bscaplehorn26@wunderground.com,Polygender,28
80,Rachel,MacDirmid,rmacdirmid27@ocn.ne.jp,Female,30
81,Krissy,Bacop,kbacop28@netlog.com,,47
82,Missie,Anney,manney29@acquirethisname.com,Bigender,17
83,Melvyn,Burnyate,,Male,19
84,Hersch,,,Non-binary,15
85,Pascal,Neagle,pneagle2c@whitehouse.gov,Female,75
86,Griffith,Caulier,gcaulier2d@dailymotion.com,Female,56
87,,,jhonig2e@macromedia.com,Bigender,
88,Kimmy,Bowfin,,Polygender,43
89,Priscella,Vedntyev,pvedntyev2g@tinyurl.com,Genderfluid,49
90,Bennie,Karpeev,bkarpeev2h@paginegialle.it,Genderfluid,43
91,Tades,Blackah,tblackah2i@github.com,Genderqueer,32
92,Glynnis,Scrogges,gscrogges2j@npr.org,Agender,36
93,Charlotte,Rowley,crowley2k@abc.net.au,Genderfluid,43
94,Archy,Mc Combe,amccombe2l@list-manage.com,,29
95,Anne-marie,Ludvigsen,aludvigsen2m@businessweek.com,Agender,12
96,Melina,Gillooly,mgillooly2n@artisteer.com,Polygender,64
97,Collie,McGeever,cmcgeever2o@parallels.com,Male,26
98,Shanie,Thorwarth,,Bigender,73
99,Lyndy,Rupprecht,,Male,61
100,Fanchette,Tarbox,ftarbox2r@soundcloud.com,Agender,47
101,Christen,Prangle,cprangle2s@earthlink.net,Non-binary,35
102,Lorry,Windrum,lwindrum2t@hc360.com,Male,48
103,,Bartolomeotti,hbartolomeotti2u@ucoz.com,,
104,Graham,,gmcfadden2v@soup.io,,19
105,Joana,Nitto,jnitto2w@goo.gl,Genderfluid,40
106,Shaylyn,,scullington2x@cpanel.net,Bigender,24
107,Hill,Goldspink,hgoldspink2y@i2i.jp,Bigender,78
108,Perry,Luckham,pluckham2z@auda.org.au,Bigender,51
109,Gregorius,MacCracken,gmaccracken30@mapy.cz,Male,59
110,Marion,Jerger,mjerger31@youtu.be,Bigender,40
111,,Ogilby,mogilby32@washington.edu,Agender,
112,Padgett,,pbearward33@drupal.org,Bigender,24
113,Harmonie,Tibbotts,htibbotts34@dagondesign.com,,14
114,Tabbi,Emmitt,temmitt35@answers.com,Male,73
115,,Vanns,svanns36@shinystat.com,,
116,Conrado,,cpalfreyman37@linkedin.com,Non-binary,69
117,Franky,Haithwaite,,Genderqueer,71
118,Vinnie,Dyneley,vdyneley39@woothemes.com,Non-binary,60
119,Ariel,Chittey,achittey3a@360.cn,Genderqueer,48
120,Clementine,Bragginton,cbragginton3b@qq.com,Polygender,72
121,Clarissa,Pankhurst.,cpankhurst3c@auda.org.au,Non-binary,14
122,,Maliphant,fmaliphant3d@discovery.com,,
123,Hermia,Yarnall,hyarnall3e@loc.gov,Non-binary,34
124,Hermia,Eteen,heteen3f@fda.gov,Non-binary,72
125,Koral,McAughtry,kmcaughtry3g@nationalgeographic.com,Male,47
126,Marcelia,Dennitts,mdennitts3h@noaa.gov,Male,78
127,Janeta,Westfield,jwestfield3i@ft.com,,30
128,Danyette,Ruggles,druggles3j@marriott.com,Bigender,71
129,Care,Brick,,Genderfluid,57
130,Christoper,Morey,,,78
131,Barry,Temblett,btemblett3m@cbslocal.com,Genderqueer,33
132,Trenton,,tcharnock3n@stanford.edu,Female,53
133,Dorisa,Carlett,dcarlett3o@nba.com,,78
134,Hadrian,,hgutteridge3p@indiatimes.com,Genderqueer,17
135,Maryl,Stebbings,mstebbings3q@tuttocitta.it,,67
136,Abbe,Baude,abaude3r@ow.ly,Female,52
137,,Elia,aelia3s@mapquest.com,Non-binary,
138,Alexa,Scourge,ascourge3t@seattletimes.com,Female,62
139,Florencia,Murty,fmurty3u@wikipedia.org,Genderqueer,44
140,Otho,Jancar,ojancar3v@biglobe.ne.jp,Female,58
141,Howie,Aurelius,,Polygender,46
142,Nerita,Cleland,ncleland3x@theglobeandmail.com,Genderfluid,52
143,,Marxsen,gmarxsen3y@joomla.org,Female,
144,Jobyna,Maulin,jmaulin3z@businessweek.com,Genderqueer,32
145,Audy,Antonacci,aantonacci40@walmart.com,Male,28
146,Anallise,Feldstein,afeldstein41@omniture.com,Bigender,28
147,Kathi,Atwell,,Male,64
148,Gonzalo,Payze,gpayze43@webmd.com,Agender,32
149,Dreddy,Dowthwaite,ddowthwaite44@cargocollective.com,Bigender,70
150,Jeniffer,Baroche,jbaroche45@sciencedirect.com,,14
151,Toddy,Drinkwater,tdrinkwater46@google.com.au,Genderfluid,38
152,Rolando,Do Rosario,rdorosario47@indiegogo.com,Polygender,75
153,Wyatan,Webberley,wwebberley48@multiply.com,Male,61
154,Burnaby,Darte,bdarte49@issuu.com,Polygender,78
155,Trudey,Kneeshaw,tkneeshaw4a@mozilla.com,Agender,73
156,Martica,Knapp,mknapp4b@google.com.br,Polygender,36
157,,Ashwood,lashwood4c@ifeng.com,Genderfluid,
158,Winfield,,,,75
159,,,ssotham4e@hibu.com,Female,
160,Adolphe,Gebuhr,agebuhr4f@1und1.de,Genderqueer,17
161,Adel,Guage,aguage4g@deviantart.com,Male,69
162,Julian,Oddy,joddy4h@gmpg.org,Genderfluid,51
163,Minerva,Charrett,mcharrett4i@mtv.com,,27
164,Herschel,Clemenceau,hclemenceau4j@ebay.co.uk,Male,61
165,Kellyann,How,khow4k@canalblog.com,Male,66
166,Cobby,Wetter,cwetter4l@weebly.com,Bigender,31
167,Renata,Mc Trusty,rmctrusty4m@toplist.cz,Non-binary,55
168,Erl,Pleager,,Male,62
169,Veronike,,vmcimmie4o@privacy.gov.au,,25
170,Anestassia,,apetracek4p@weather.com,Polygender,48
171,Rosanne,Findley,rfindley4q@ebay.co.uk,Female,21
172,Teddy,Litzmann,,Agender,16
173,Tani,Mumberson,,Polygender,56
174,Theodoric,Daouse,tdaouse4t@geocities.com,Genderfluid,14
175,Jens,Casarini,jcasarini4u@vimeo.com,Polygender,61
176,Carolee,Grooby,cgrooby4v@goo.ne.jp,Agender,34
177,Konstantin,Wandless,kwandless4w@histats.com,Genderfluid,26
178,Thorny,Raggitt,traggitt4x@tmall.com,Polygender,12
179,Darsie,Lockwood,dlockwood4y@yahoo.com,Non-binary,64
180,Alla,,,,60
181,Had,Mitie,hmitie50@wired.com,,76
182,Anthea,Kleine,akleine51@lulu.com,Genderfluid,45
183,Sheela,Lile,,Genderfluid,70
184,Jedidiah,Cotman,jcotman53@whitehouse.gov,Polygender,40
185,Brandy,Eloi,beloi54@surveymonkey.com,Genderqueer,28
186,Mireille,Saer,msaer55@microsoft.com,Genderfluid,59
187,Rand,Steane,,Non-binary,29
188,Ogdan,Candish,ocandish57@flavors.me,Genderqueer,13
189,Ailbert,Lighton,alighton58@creativecommons.org,Non-binary,32
190,Rowe,,,Genderqueer,64
191,Fulton,,,Non-binary,40
192,Bondy,Ashcroft,,Polygender,16
193,,,vzanolli5c@ovh.net,Polygender,
194,Inness,Widmoor,iwidmoor5d@google.ru,Genderqueer,73
195,Billy,McGauhy,bmcgauhy5e@dion.ne.jp,Agender,23
196,Culley,Mertin,cmertin5f@123-reg.co.uk,Male,19
197,Caz,Joanic,cjoanic5g@alibaba.com,Genderfluid,27
198,Welch,Trim,wtrim5h@apache.org,Bigender,18
199,,Spilsburie,bspilsburie5i@mit.edu,Bigender,
200,Aurthur,Mountstephen,amountstephen5j@sbwire.com,Agender,73
201,Joye,Novichenko,jnovichenko5k@edublogs.org,Female,36
202,Jefferey,,jslyde5l@reverbnation.com,Agender,68
203,Cari,Maidment,cmaidment5m@phoca.cz,Polygender,47
204,Sheilakathryn,Entreis,sentreis5n@simplemachines.org,Male,66
205,Brande,Relfe,brelfe5o@businesswire.com,Male,62
206,Margit,Jukes,mjukes5p@purevolume.com,,43
207,Kalindi,Shilito,kshilito5q@sciencedirect.com,Genderfluid,29
208,Hephzibah,Stepto,hstepto5r@ocn.ne.jp,Male,13
209,Etty,Muzzollo,,Non-binary,68
210,Ilsa,Duce,iduce5t@sphinn.com,Non-binary,22
211,Renaud,Merrisson,rmerrisson5u@ed.gov,Female,60
212,Josselyn,,jsexten5v@timesonline.co.uk,Agender,62
213,Link,Armiger,larmiger5w@soup.io,,37
214,,Darkin,ddarkin5x@mapquest.com,,
215,Clem,Haslock(e),chaslocke5y@soup.io,Bigender,28
216,Grete,Kabsch,gkabsch5z@icio.us,Non-binary,45
217,Cynde,Levene,clevene60@discovery.com,Non-binary,48
218,Bobina,Kyffin,bkyffin61@ovh.net,Bigender,56
219,Jacenta,Leyden,jleyden62@imageshack.us,Non-binary,53
220,Haily,Emmerson,hemmerson63@epa.gov,Polygender,31
221,Rowland,,,Polygender,68
222,Kerrin,Glencros,kglencros65@mozilla.com,,22
223,,Patullo,,,
224,Sancho,Attride,sattride67@discovery.com,Agender,34
225,Geoffry,,gchattington68@irs.gov,Genderfluid,16
226,,Lark,blark69@pbs.org,Genderqueer,
227,Brittney,Beany,bbeany6a@hud.gov,Female,57
228,Worthy,Cleatherow,wcleatherow6b@vk.com,Male,58
229,Clarey,Brabon,,Male,36
230,Mariana,Janicki,mjanicki6d@macromedia.com,Bigender,13
231,Miranda,Androlli,mandrolli6e@mozilla.org,Genderfluid,16
232,Gayler,Engelmann,,Female,36
233,Saunders,Schustl,sschustl6g@ning.com,Genderqueer,63
234,Dee,Ganiclef,,Genderfluid,59
235,Marley,Kirsz,mkirsz6i@symantec.com,Male,44
236,Giordano,Bragge,gbragge6j@slashdot.org,Non-binary,23
237,Erick,Ginnell,eginnell6k@oracle.com,Genderfluid,34
238,Rubin,,rstruys6l@youtube.com,Agender,58
239,Shandie,Lanmeid,slanmeid6m@ibm.com,Genderfluid,21
240,Marlee,Boler,mboler6n@virginia.edu,Female,12
241,Dot,Elfes,delfes6o@webmd.com,Female,20
242,Sibeal,Sneesby,ssneesby6p@gmpg.org,Bigender,61
243,Brigid,Sivier,bsivier6q@sbwire.com,Genderfluid,18
244,,Dannatt,adannatt6r@squidoo.com,Female,
245,Rafa,Brecon,rbrecon6s@google.com.au,,34
246,Rik,Blethin,rblethin6t@cnet.com,Genderfluid,78
247,Angeli,Mithon,amithon6u@mit.edu,Male,43
248,Penelopa,Pingston,ppingston6v@va.gov,Genderqueer,63
249,Cilka,Sallier,csallier6w@moonfruit.com,Genderqueer,32
250,Ambrose,Reucastle,areucastle6x@edublogs.org,Agender,71
251,Kelly,Tourot,ktourot6y@wikispaces.com,,49
252,Sigismondo,Classen,sclassen6z@ehow.com,Non-binary,52
253,Quinn,Strawbridge,qstrawbridge70@census.gov,Genderfluid,44
254,,,wdeyenhardt71@nhs.uk,Genderqueer,
255,Jared,Skellion,jskellion72@utexas.edu,Genderfluid,56
256,Chad,Rosenstein,crosenstein73@cbslocal.com,Genderqueer,61
257,Jermaine,Crumbie,jcrumbie74@simplemachines.org,Female,28
258,Tomasine,Thams,,Genderfluid,45
259,Jack,Switsur,jswitsur76@si.edu,,55
260,Paula,Issit,,Polygender,51
261,Konstanze,Greste,kgreste78@nbcnews.com,Polygender,41
262,Neal,Spring,nspring79@shutterfly.com,Agender,36
263,Errick,Slinn,eslinn7a@dailymail.co.uk,Genderqueer,45
264,,Rolse,jrolse7b@flavors.me,Genderqueer,
265,Di,Selbie,dselbie7c@reddit.com,,54
266,,Lister,,Female,
267,Gabie,Hainey`,ghainey7e@bing.com,Female,13
268,,Hachette,ghachette7f@gov.uk,Genderqueer,
269,Malory,,mspritt7g@sakura.ne.jp,Male,41
270,Bay,Mountcastle,,Genderqueer,30
271,Brodie,Tawton,btawton7i@google.co.jp,,50
272,Isaak,Mulder,imulder7j@vistaprint.com,,73
273,Abbie,,amoon7k@qq.com,Bigender,32
274,Lindsey,,lsaffen7l@reuters.com,Non-binary,24
275,Adaline,Franceschelli,afranceschelli7m@apache.org,Genderqueer,47
276,,Stuckes,estuckes7n@usgs.gov,Genderfluid,
277,Reine,McCue,rmccue7o@google.co.uk,Polygender,57
278,Carline,,cmerriott7p@earthlink.net,Male,67
279,Peterus,Corr,pcorr7q@multiply.com,,15
280,Rodolfo,,rhellin7r@loc.gov,,32
281,Drusilla,Grelik,dgrelik7s@unesco.org,Genderfluid,27
282,Jozef,MacRierie,jmacrierie7t@delicious.com,Bigender,14
283,Fremont,Iacovini,fiacovini7u@github.io,Agender,22
284,Desdemona,,dsayburn7v@paginegialle.it,Genderqueer,13
285,Melitta,MacCaughey,mmaccaughey7w@oakley.com,Genderfluid,23
286,Weider,,wrosita7x@salon.com,Polygender,73
287,Micaela,Eckert,meckert7y@qq.com,,48
288,Pennie,Bowld,pbowld7z@sourceforge.net,Polygender,25
289,Leonora,Leimster,lleimster80@reverbnation.com,Polygender,60
290,Lindsey,Shrimplin,,Male,35
291,Bonni,Alenin,balenin82@studiopress.com,Bigender,59
292,Wittie,Khristyukhin,wkhristyukhin83@instagram.com,Genderfluid,20
293,Darrelle,,dgosnall84@apache.org,Non-binary,20
294,Teodoor,Wybourne,twybourne85@baidu.com,Agender,20
295,Hermine,Motten,hmotten86@columbia.edu,Bigender,25
296,Emma,Pyzer,epyzer87@wikimedia.org,,72
297,Jacobo,,jdarko88@themeforest.net,,54
298,Nan,Tatershall,ntatershall89@blogs.com,Genderqueer,65
299,Orbadiah,Seabridge,oseabridge8a@nih.gov,Male,29
300,,,aoleksiak8b@technorati.com,Female,
301,Peg,Schultz,pschultz8c@eventbrite.com,,46
302,Alaster,Bettanay,abettanay8d@japanpost.jp,Agender,33
303,Ceciley,Dightham,cdightham8e@hubpages.com,Genderfluid,34
304,Goldi,Sheards,gsheards8f@deliciousdays.com,Genderqueer,26
305,Claus,Meadley,cmeadley8g@linkedin.com,Genderqueer,24
306,Myrle,Lacasa,,Polygender,62
307,Carmella,Stirley,cstirley8i@furl.net,Agender,48
308,Reggi,Pfeffle,rpfeffle8j@cyberchimps.com,Male,28
309,Nicky,Goscomb,ngoscomb8k@ovh.net,Polygender,51
310,Corrie,Drinan,cdrinan8l@tmall.com,Female,45
311,Stacia,Trembath,,Female,12
312,Kim,Donaway,kdonaway8n@uol.com.br,Genderfluid,53
313,Alic,Manwell,amanwell8o@mac.com,Polygender,16
314,Melinda,McDirmid,mmcdirmid8p@accuweather.com,Genderqueer,26
315,Wren,Trevains,wtrevains8q@msu.edu,Male,38
316,Garold,Logue,glogue8r@i2i.jp,,39
317,Joella,Cuerdall,jcuerdall8s@statcounter.com,Non-binary,59
318,Madelle,Geelan,mgeelan8t@sciencedaily.com,,47
319,Barbey,Johnsee,,Female,12
320,Bowie,Laws,blaws8v@wufoo.com,Genderfluid,36
321,Charis,Klaggeman,,Agender,30
322,Renard,Gomes,,Male,66
323,Milt,,,Bigender,16
324,Sashenka,Fawcett,sfawcett8z@flickr.com,Male,67
325,Selia,Elphick,selphick90@hao123.com,Genderfluid,16
326,Latashia,Lawrie,llawrie91@theguardian.com,Agender,42
327,Dalila,Skarman,dskarman92@xing.com,Genderqueer,13
328,Giffard,Haddon,,Bigender,43
329,Kearney,Raistrick,kraistrick94@marketwatch.com,Genderfluid,44
330,Xenos,Hymor,xhymor95@bloomberg.com,Non-binary,70
331,Anneliese,,abaal96@jiathis.com,,52
332,Gustave,Verdon,gverdon97@surveymonkey.com,Male,21
333,Thor,Leonida,tleonida98@npr.org,Agender,49
334,Mavra,Bolliver,mbolliver99@cargocollective.com,Male,46
335,Derick,De Bruyne,ddebruyne9a@odnoklassniki.ru,Bigender,76
336,Tresa,Tellenbrook,ttellenbrook9b@cargocollective.com,Male,68
337,Al,Brugman,,,17
338,Cam,,,Polygender,66
339,Diego,Sheringham,dsheringham9e@hud.gov,Bigender,63
340,Kattie,Umfrey,kumfrey9f@eepurl.com,Genderfluid,49
341,Garv,Gristock,ggristock9g@techcrunch.com,Agender,71
342,Mile,Well,mwell9h@thetimes.co.uk,Female,26
343,Rolf,Butte,rbutte9i@psu.edu,Non-binary,72
344,,Lalley,glalley9j@nature.com,Genderqueer,
345,Reyna,Fratczak,rfratczak9k@fotki.com,Non-binary,67
346,Rachel,Abbis,rabbis9l@vkontakte.ru,,13
347,Edouard,Brabyn,ebrabyn9m@netscape.com,Female,55
348,Dian,,dkleint9n@bbb.org,Agender,40
349,Lisa,Mussett,lmussett9o@google.fr,Male,74
350,Josi,,jkabisch9p@cbslocal.com,Male,52
351,Abran,Bridgett,abridgett9q@parallels.com,Bigender,56
352,Talia,Chstney,tchstney9r@prnewswire.com,,75
353,Hadrian,Pleven,hpleven9s@mozilla.com,Genderfluid,71
354,Arlie,Downgate,adowngate9t@drupal.org,Non-binary,78
355,Tasia,Osinin,tosinin9u@phpbb.com,Female,48
356,Neville,Halford,,Polygender,13
357,Arlana,Lohering,alohering9w@e-recht24.de,Genderqueer,73
358,Deana,Bridgwood,dbridgwood9x@studiopress.com,,77
359,Krysta,Sweating,,Agender,36
360,Frasier,Twining,ftwining9z@yelp.com,Agender,25
361,Della,Skinn,dskinna0@cpanel.net,Female,27
362,Morris,Wintersgill,mwintersgilla1@cornell.edu,Genderfluid,45
363,Ashlee,Learmouth,alearmoutha2@4shared.com,Agender,48
364,Lesya,Gibling,,,71
365,Lombard,Jaye,ljayea4@shop-pro.jp,Bigender,76
366,Ewart,Flaunier,eflauniera5@state.gov,,13
367,Cherise,,ctomika6@ted.com,Male,17
368,Kaela,Dran,kdrana7@reuters.com,Genderfluid,59
369,Curcio,Quartley,cquartleya8@devhub.com,,30
370,Willetta,Jorioz,wjorioza9@kickstarter.com,Female,70
371,Jakie,Brumfield,jbrumfieldaa@imdb.com,,65
372,Charis,Poynser,cpoynserab@friendfeed.com,Female,78
373,Mirilla,Kernes,mkernesac@google.com.au,Bigender,69
374,,Cherrison,,Agender,
375,Nonna,Ciementini,,,46
376,Ruth,Aimeric,raimericaf@biblegateway.com,Genderfluid,38
377,Gert,Di Franceschi,gdifranceschiag@economist.com,Bigender,34
378,Vance,Mortell,vmortellah@ft.com,Male,37
379,Karina,Crevagh,kcrevaghai@soup.io,Male,49
380,Stepha,Defau,sdefauaj@php.net,,62
381,Avrit,Gowlett,agowlettak@mac.com,Bigender,30
382,Almire,Ferrucci,aferruccial@fastcompany.com,,44
383,Trevor,Wyer,twyeram@unblog.fr,Agender,20
384,Cori,Kitchingman,ckitchingmanan@foxnews.com,Bigender,29
385,Janeen,Mackness,jmacknessao@blogger.com,Female,27
386,Miguel,Scottrell,mscottrellap@wp.com,Agender,61
387,Kendra,Wetherburn,kwetherburnaq@typepad.com,Genderqueer,15
388,,Bynert,sbynertar@netvibes.com,Non-binary,
389,Karin,Getch,kgetchas@home.pl,Female,20
390,Cleve,Caulliere,ccaulliereat@exblog.jp,,29
391,Fons,,fdemaineau@hc360.com,Polygender,19
392,Lurleen,Foottit,,Agender,66
393,Mason,,mdimberlineaw@soundcloud.com,,69
394,Kile,Copperwaite,kcopperwaiteax@harvard.edu,Genderfluid,56
395,,Behagg,abehaggay@aol.com,Polygender,
396,Caterina,,,Male,50
397,Dania,McRonald,dmcronaldb0@netvibes.com,,50
398,Patsy,Hogben,phogbenb1@t.co,Female,20
399,Aurelie,,aflahiveb2@mlb.com,Non-binary,40
400,Dorthy,Frances,dfrancesb3@digg.com,Genderfluid,20
401,Kenn,Froome,,Bigender,55
402,Gloria,Gorbell,,,76
403,Hamilton,Sabban,hsabbanb6@amazon.de,Female,15
404,Joye,Heathwood,jheathwoodb7@paginegialle.it,Female,37
405,Odelle,Manston,omanstonb8@people.com.cn,Genderfluid,25
406,Callean,Born,cbornb9@huffingtonpost.com,Bigender,54
407,Darsie,,dguillemba@creativecommons.org,Male,13
408,Corny,Creenan,ccreenanbb@redcross.org,Female,36
409,Nerti,Rayment,,Male,22
410,Marillin,Marvel,mmarvelbd@hhs.gov,Bigender,19
411,,Lancley,alancleybe@reverbnation.com,Bigender,
412,Norry,Maudlen,nmaudlenbf@ted.com,Male,65
413,Libbey,,labernethybg@prlog.org,Genderfluid,43
414,Minny,McFeat,mmcfeatbh@dropbox.com,Female,27
415,Bunnie,Doyle,bdoylebi@hp.com,Bigender,59
416,,Callendar,,Polygender,
417,Sasha,Benns,sbennsbk@goo.gl,Male,39
418,,Dunmuir,cdunmuirbl@intel.com,,
419,Felecia,Klimov,,Non-binary,13
420,Dominic,Juschke,djuschkebn@epa.gov,,28
421,,Wyman,ewymanbo@miitbeian.gov.cn,Genderfluid,
422,Sawyer,Boraston,,Polygender,23
423,Lyndsey,Lake,llakebq@istockphoto.com,Female,13
424,Reese,Pawel,rpawelbr@symantec.com,Female,19
425,Basia,Trotter,btrotterbs@usnews.com,Genderqueer,76
426,Elene,Dumpleton,edumpletonbt@histats.com,Genderqueer,14
427,Nonie,Clethro,nclethrobu@ft.com,Bigender,39
428,Gail,Overton,govertonbv@last.fm,Polygender,53
429,,Ellingham,mellinghambw@github.io,Polygender,
430,Carolan,Ciccotti,cciccottibx@chicagotribune.com,Genderfluid,71
431,,Burdass,,Polygender,
432,Katy,Stille,kstillebz@economist.com,Female,42
433,Sabine,Emmens,semmensc0@dedecms.com,Agender,12
434,Bart,Gooble,bgooblec1@gmpg.org,Agender,21
435,Jessie,Micklewicz,,Non-binary,21
436,,Couper,ccouperc3@wikipedia.org,Bigender,
437,Evita,,eharvattc4@ca.gov,Bigender,61
438,Sergeant,Fussell,sfussellc5@google.pl,Male,22
439,Callida,Baden,cbadenc6@yolasite.com,,78
440,Aubry,,afendleyc7@usda.gov,Female,52
441,Lulita,Tourne,ltournec8@jigsy.com,Polygender,38
442,Gage,Matyashev,gmatyashevc9@squidoo.com,Female,39
443,Lorenzo,Greensides,lgreensidesca@storify.com,Female,60
444,Valentina,Aslum,,Polygender,20
445,Mathian,Brookson,mbrooksoncc@washington.edu,Genderqueer,69
446,Randell,Kordovani,,Genderqueer,63
447,Dora,Osbaldeston,dosbaldestonce@reuters.com,Genderfluid,44
448,Wildon,Meadus,,Genderfluid,24
449,Correna,Robiou,crobioucg@answers.com,Bigender,24
450,,,gdebiaggich@jugem.jp,Non-binary,
451,Andreas,Hurll,ahurllci@vistaprint.com,Male,14
452,Eddie,McGiveen,emcgiveencj@ask.com,Non-binary,35
453,Nikos,Hargie,nhargieck@stumbleupon.com,Male,27
454,Chrissie,,cdearlecl@amazon.co.uk,Agender,47
455,Read,Stutte,rstuttecm@newyorker.com,Genderfluid,38
456,Morgen,Yarnell,myarnellcn@addthis.com,Female,25
457,Cinda,Martugin,cmartuginco@t-online.de,Bigender,67
458,Ellie,Roisen,eroisencp@phoca.cz,Agender,24
459,,Brogden,bbrogdencq@freewebs.com,Genderfluid,
460,Constantine,,cchaldercr@state.gov,Genderqueer,66
461,Caryn,O'Cannovane,cocannovanecs@taobao.com,Genderqueer,45
462,Collen,Plowes,cplowesct@huffingtonpost.com,Bigender,42
463,Jeffy,O'Canavan,jocanavancu@cocolog-nifty.com,,47
464,Hermann,Western,hwesterncv@theglobeandmail.com,Male,25
465,,Crossby,lcrossbycw@cbc.ca,Male,
466,Danit,Eshmade,deshmadecx@comcast.net,Genderqueer,69
467,Lamont,Pladen,lpladency@blog.com,Female,20
468,Michaella,,,Male,62
469,Noami,Ferrotti,nferrottid0@xinhuanet.com,Female,20
470,Dar,Pavese,,Non-binary,58
471,Nelie,Fullylove,nfullyloved2@washington.edu,Bigender,19
472,Ricoriki,Blackah,rblackahd3@pbs.org,Genderfluid,52
473,Bliss,Kleinzweig,bkleinzweigd4@sbwire.com,Polygender,72
474,Malcolm,Growy,mgrowyd5@bbb.org,Genderfluid,48
475,Amity,,abertsond6@patch.com,Non-binary,49
476,Tomas,,tmouserd7@usgs.gov,Genderfluid,66
477,Jacquenette,Bullin,jbullind8@rakuten.co.jp,Genderqueer,54
478,Paxon,Legrand,plegrandd9@sohu.com,Female,53
479,Laurianne,Grichukhin,lgrichukhinda@deviantart.com,Agender,15
480,Manya,Fauning,mfauningdb@elegantthemes.com,Agender,23
481,Ferrell,O' Cloney,focloneydc@microsoft.com,Agender,22
482,Kermy,Scroyton,kscroytondd@cbc.ca,,65
483,Estrellita,Sheirlaw,esheirlawde@npr.org,Agender,17
484,Lorraine,Smees,lsmeesdf@forbes.com,Genderqueer,24
485,Tandy,Ashpole,,Genderqueer,35
486,Dill,Jubert,djubertdh@360.cn,Bigender,27
487,,Borth,sborthdi@booking.com,Bigender,
488,Lynelle,Gorcke,lgorckedj@macromedia.com,Genderqueer,16
489,Sonja,Bunting,sbuntingdk@gov.uk,Agender,16
490,Miller,MacCole,mmaccoledl@aol.com,Female,76
491,,Gladyer,sgladyerdm@uiuc.edu,Agender,
492,Chickie,,crichfielddn@examiner.com,Agender,14
493,Cindy,Knotte,cknottedo@yellowbook.com,Non-binary,64
494,Gabriell,Mellonby,gmellonbydp@zimbio.com,Polygender,55
495,Caren,Loram,cloramdq@state.gov,Genderfluid,64
496,Gregory,Amps,gampsdr@java.com,Non-binary,21
497,Riordan,Haime,rhaimeds@furl.net,Male,40
498,Cordy,Ludwell,cludwelldt@java.com,Agender,32
499,Skippy,Harrington,,Genderqueer,36
500,Zsa zsa,Chsteney,,Genderfluid,48
501,Warden,Drayson,,Bigender,56
502,Harrie,,hcutchiedx@nsw.gov.au,Genderqueer,75
503,,Kirlin,mkirlindy@posterous.com,Genderfluid,
504,Cahra,Gillyatt,cgillyattdz@cnbc.com,,67
505,Laurent,Druery,ldruerye0@time.com,,29
506,Carlynne,,cdurringtone1@yellowbook.com,Genderqueer,69
507,Kevyn,,kbounde2@gnu.org,Polygender,39
508,Max,Geeritz,mgeeritze3@nymag.com,Genderfluid,23
509,Cchaddie,Drane,cdranee4@multiply.com,Genderfluid,15
510,Janet,Tomczak,jtomczake5@psu.edu,,22
511,,Nequest,dnequeste6@i2i.jp,Polygender,
512,Krissie,,kpillingere7@google.com.hk,,41
513,Klemens,Paris,kparise8@baidu.com,,30
514,Meredithe,Hulcoop,mhulcoope9@scientificamerican.com,,76
515,Cherice,Radwell,cradwellea@last.fm,Polygender,47
516,Adam,Sneezum,asneezumeb@etsy.com,Female,40
517,Stefanie,Carwithan,scarwithanec@smugmug.com,Bigender,65
518,Nerti,Garvin,ngarvined@google.cn,,13
519,Dalia,Cathersides,dcathersidesee@furl.net,Polygender,69
520,Jorie,,jewertef@columbia.edu,Bigender,72
521,Danit,Bow,,,78
522,Wainwright,Alti,waltieh@yellowpages.com,Male,38
523,Boothe,,bivimeyei@ted.com,Non-binary,29
524,Anna,,arudkinej@flavors.me,Female,20
525,Dede,Verring,dverringek@spiegel.de,,55
526,Susannah,Antalffy,,Genderfluid,63
527,Kessiah,Stilldale,kstilldaleem@vk.com,Polygender,63
528,Joete,Shimoni,,Bigender,61
529,Jenelle,McEvilly,jmcevillyeo@cam.ac.uk,Genderqueer,67
530,Vincenty,Carslake,,Genderfluid,31
531,Ceciley,,cendersoneq@goodreads.com,Bigender,68
532,Lorrie,Haggerstone,lhaggerstoneer@arizona.edu,Male,28
533,Buffy,Wenger,bwengeres@istockphoto.com,Polygender,12
534,Irwin,Tweede,itweedeet@gravatar.com,Female,74
535,Kelley,Castille,kcastilleeu@shinystat.com,Bigender,51
536,Manya,Guirardin,mguirardinev@oracle.com,Non-binary,34
537,Elsa,,elushew@yellowbook.com,Bigender,20
538,Alic,Easthope,,,19
539,Ruthanne,,rhowgilley@nytimes.com,Genderfluid,22
540,Mimi,Dun,mdunez@amazon.co.uk,Bigender,12
541,Vivi,Bartlosz,vbartloszf0@ox.ac.uk,Agender,12
542,Jemimah,MacCaghan,jmaccaghanf1@g.co,Agender,48
543,,,mvorleyf2@networkadvertising.org,Non-binary,
544,Cheslie,,ctauntonf3@alexa.com,,65
545,Vale,Yalden,vyaldenf4@cnn.com,Non-binary,26
546,Henderson,,hdarguef5@cnn.com,Female,36
547,,Galbraeth,,Agender,
548,Annabel,,,Genderqueer,57
549,,Tregenza,ytregenzaf8@wordpress.com,Female,
550,Shandeigh,Cursons,scursonsf9@indiegogo.com,Female,17
551,Forest,Lowin,flowinfa@irs.gov,Male,23
552,Eb,MacKellen,emackellenfb@hexun.com,,24
553,Rosalie,Mitkcov,rmitkcovfc@utexas.edu,Polygender,35
554,,Fassum,jfassumfd@plala.or.jp,,
555,,Manske,hmanskefe@telegraph.co.uk,,
556,Ursulina,Twinbourne,,,48
557,Hersh,Brightey,hbrighteyfg@rakuten.co.jp,Bigender,34
558,Lamar,Jonathon,ljonathonfh@diigo.com,Female,63
559,Jayme,Boteman,jbotemanfi@imdb.com,Agender,33
560,Herb,Conan,hconanfj@samsung.com,Agender,69
561,Ritchie,Randall,rrandallfk@newsvine.com,Genderqueer,36
562,Galvan,Andriulis,gandriulisfl@mayoclinic.com,Non-binary,62
563,Terry,Trevenu,ttrevenufm@squidoo.com,Agender,20
564,Elwood,Wein,eweinfn@psu.edu,Female,46
565,Keslie,Shalcros,kshalcrosfo@scribd.com,Male,43
566,Ardyth,Cancott,acancottfp@ucoz.ru,Polygender,65
567,Boyd,Mullard,,Agender,14
568,Jaine,Devoy,jdevoyfr@pagesperso-orange.fr,Male,68
569,,Bucher,ebucherfs@sun.com,Polygender,
570,Marve,,mmaestrinift@over-blog.com,,59
571,Bendix,Roj,brojfu@usda.gov,,17
572,,Brodhead,cbrodheadfv@printfriendly.com,Agender,
573,Robby,Pinner,rpinnerfw@oracle.com,Female,33
574,Roselin,,rbasonfx@cdc.gov,Bigender,35
575,Kermie,Aris,karisfy@canalblog.com,Non-binary,62
576,Ira,Alp,,Genderfluid,52
577,Jasen,Aglione,jaglioneg0@sakura.ne.jp,Polygender,33
578,Kerry,Moff,kmoffg1@spotify.com,Bigender,27
579,Guy,Riddel,griddelg2@purevolume.com,Polygender,30
580,Francklyn,Parmeter,fparmeterg3@mapquest.com,Genderqueer,12
581,Isaac,Brookson,ibrooksong4@gmpg.org,Genderqueer,55
582,Natasha,Sainsbury,,Male,29
583,,,pmerseyg6@yahoo.com,Male,
584,Munmro,,mskedgellg7@indiegogo.com,Agender,15
585,Temple,Rushford,trushfordg8@nps.gov,Genderfluid,37
586,Tomi,Lambard,tlambardg9@wix.com,Male,56
587,Amity,,abailessga@symantec.com,Non-binary,44
588,,Attwoul,aattwoulgb@dropbox.com,Female,
589,Lauryn,Warlawe,,Female,38
590,Raf,Tabbernor,rtabbernorgd@clickbank.net,Genderqueer,42
591,Saunderson,Jendrusch,sjendruschge@amazon.de,Bigender,30
592,Tammi,Upshall,tupshallgf@abc.net.au,Agender,65
593,Hillyer,Pauluzzi,hpauluzzigg@skyrock.com,Polygender,56
594,Rooney,Berardt,rberardtgh@cbc.ca,Female,49
595,Demeter,Warret,dwarretgi@google.com.hk,Genderfluid,67
596,Coralie,Bendon,cbendongj@usatoday.com,Genderqueer,74
597,Estel,McKelvey,emckelveygk@last.fm,,40
598,Daveta,,dahrendgl@ftc.gov,Bigender,13
599,Margareta,Alfonsetto,malfonsettogm@pcworld.com,Male,69
600,Lari,Brodeur,lbrodeurgn@kickstarter.com,Polygender,70
601,Dorolisa,Halling,dhallinggo@webnode.com,Agender,51
602,Rutherford,Broad,,Non-binary,34
603,Lorrie,Bastian,lbastiangq@hibu.com,Genderfluid,62
604,,Haldane,ahaldanegr@amazon.co.jp,Bigender,
605,Cherry,Lindblad,clindbladgs@weebly.com,Genderfluid,38
606,Ninnette,Tschersich,ntschersichgt@sourceforge.net,Genderqueer,55
607,Meggie,Stetlye,mstetlyegu@sciencedirect.com,Agender,48
608,Ginnifer,Donn,gdonngv@cargocollective.com,Agender,42
609,Dorie,Whitecross,,Polygender,63
610,Johna,O'Shiel,joshielgx@ehow.com,Agender,68
611,Lucille,Foye,lfoyegy@xrea.com,Male,12
612,Roselin,Orwin,rorwingz@bluehost.com,Female,58
613,Shayna,Trolley,strolleyh0@cpanel.net,Genderqueer,49
614,Bertina,MacGaffey,bmacgaffeyh1@typepad.com,Genderfluid,14
615,Arthur,Puig,apuigh2@npr.org,Male,28
616,Shayla,Boshell,sboshellh3@indiegogo.com,Female,58
617,Othello,Coughtrey,ocoughtreyh4@economist.com,Agender,40
618,Bobby,Botha,bbothah5@quantcast.com,Female,20
619,Saloma,Mealham,smealhamh6@sourceforge.net,Bigender,67
620,Nicol,Sandcroft,nsandcrofth7@disqus.com,Polygender,25
621,Illa,Spellacy,ispellacyh8@cloudflare.com,Non-binary,30
622,Gregorio,Riddiford,,Female,35
623,Lianna,Bucky,lbuckyha@cocolog-nifty.com,Non-binary,54
624,Odette,Whetland,owhetlandhb@sitemeter.com,Female,27
625,Reinhold,Ruben,rrubenhc@addtoany.com,Polygender,41
626,Rebeca,Charlton,rcharltonhd@discuz.net,Genderfluid,42
627,Iain,Doumer,idoumerhe@nbcnews.com,Non-binary,36
628,Angeli,,abangiardhf@elegantthemes.com,Bigender,21
629,Maddy,Haddow,mhaddowhg@gov.uk,Genderfluid,21
630,,,dastallhh@tinyurl.com,Polygender,
631,Aarika,Jacobowits,ajacobowitshi@skyrock.com,Genderqueer,38
632,Hilton,Cornborough,hcornboroughhj@berkeley.edu,Polygender,71
633,,,swarrenderhk@dropbox.com,Genderqueer,
634,Lainey,Anthill,lanthillhl@usnews.com,,59
635,Jessalyn,Phlippsen,jphlippsenhm@auda.org.au,Genderfluid,38
636,Erek,Molyneaux,emolyneauxhn@mediafire.com,,57
637,Pippo,,pmullettho@mlb.com,Genderqueer,42
638,Lin,Birchenough,lbirchenoughhp@imgur.com,Genderqueer,12
639,Barb,Comfort,,Male,29
640,Byram,Ungerecht,bungerechthr@webnode.com,Bigender,57
641,Carole,,,Genderqueer,68
642,Hewet,Mowsley,hmowsleyht@ebay.co.uk,Agender,30
643,Adiana,Nutley,anutleyhu@uol.com.br,Genderqueer,76
644,Thibaut,,,,73
645,Salim,Carnoghan,scarnoghanhw@hubpages.com,Genderfluid,54
646,Emory,Horlock,ehorlockhx@yellowbook.com,Female,41
647,Ganny,Cawthera,,Female,16
648,Genevieve,Consterdine,gconsterdinehz@patch.com,,47
649,Betteanne,Thirlaway,bthirlawayi0@blogger.com,Genderqueer,72
650,Fulvia,Deere,,,67
651,Esmeralda,Brackley,ebrackleyi2@economist.com,Bigender,51
652,Tyrone,Candlin,,Polygender,43
653,Darby,Kibblewhite,dkibblewhitei4@163.com,Non-binary,48
654,Renard,Mandrey,rmandreyi5@nyu.edu,Genderqueer,12
655,Bailie,McArthur,bmcarthuri6@geocities.com,Agender,37
656,Georgia,Maevela,gmaevelai7@independent.co.uk,Polygender,66
657,Katrine,Chalfain,kchalfaini8@adobe.com,Agender,19
658,Eleanora,Elphick,eelphicki9@zdnet.com,Non-binary,19
659,Marita,Wigginton,mwiggintonia@yelp.com,Agender,23
660,Dew,Tamburi,,Non-binary,55
661,Rona,January 1st,rjanuarystic@about.me,Polygender,73
662,Cecilla,Catherick,ccatherickid@unesco.org,Non-binary,28
663,Sarah,Cobelli,,Genderqueer,15
664,Cherianne,Ridpath,cridpathif@hc360.com,Bigender,52
665,,Mordey,cmordeyig@chronoengine.com,Polygender,
666,Amelie,Chippendale,achippendaleih@cocolog-nifty.com,Genderqueer,27
667,,Franks,rfranksii@ca.gov,Genderfluid,
668,Royal,Gerrit,rgerritij@seesaa.net,Bigender,18
669,Nickola,Zamudio,nzamudioik@wordpress.com,,49
670,Buiron,Acomb,,,72
671,Clayborn,,cgabbottsim@yolasite.com,Bigender,74
672,,Rubi,,Agender,
673,Blondell,,bpettyfario@t.co,Bigender,21
674,Willi,Simonin,wsimoninip@mlb.com,Genderqueer,51
675,Farrand,Sherringham,fsherringhamiq@webeden.co.uk,Genderfluid,72
676,Clevie,Jannings,cjanningsir@intel.com,Genderfluid,37
677,Katherine,Houlahan,khoulahanis@amazon.com,,63
678,Alvina,Inglish,ainglishit@mail.ru,Bigender,22
679,Annamarie,Halladay,,Male,40
680,,Vasyaev,dvasyaeviv@ocn.ne.jp,,
681,Sapphira,De Brett,sdebrettiw@ibm.com,,40
682,Cody,Lampke,,Bigender,49
683,Charla,Marder,,Bigender,60
684,Norina,Jollie,njollieiz@soup.io,Polygender,78
685,Alfi,Klimentov,aklimentovj0@livejournal.com,Genderfluid,52
686,Jemmie,Kacheller,jkachellerj1@google.ru,Male,30
687,Emmit,Muggleston,emugglestonj2@smugmug.com,Polygender,53
688,Dix,,,Female,71
689,Giustina,Issard,,,26
690,Marshal,Chominski,mchominskij5@kickstarter.com,Female,68
691,Frazier,Ferrick,fferrickj6@redcross.org,Female,12
692,Janenna,,jpoundj7@creativecommons.org,Bigender,29
693,Johnath,Siemandl,jsiemandlj8@cargocollective.com,,58
694,Jo-ann,Gallon,jgallonj9@home.pl,,57
695,Bing,Brill,,Polygender,76
696,Karee,Harby,,Bigender,55
697,Bartlett,Dovidian,bdovidianjc@cisco.com,Bigender,55
698,Morse,Lydall,mlydalljd@gnu.org,Genderqueer,71
699,Locke,Powder,lpowderje@arstechnica.com,Agender,50
700,Quill,Pulsford,,Non-binary,59
701,Bryana,Mould,bmouldjg@bloomberg.com,Female,60
702,Ursola,,ukleebornjh@ifeng.com,,23
703,Rowen,Camilio,,Non-binary,75
704,,Carden,,,
705,Debbie,,,Genderfluid,52
706,Kristian,Bavister,kbavisterjl@delicious.com,,28
707,Kaleb,Vila,,,15
708,Kurtis,Sayes,ksayesjn@walmart.com,Female,76
709,,Fiddymont,ffiddymontjo@w3.org,Female,
710,Amelie,Gubbins,agubbinsjp@google.pl,Polygender,48
711,Elaine,Quiney,,Male,69
712,Randi,Burdoun,rburdounjr@biblegateway.com,Bigender,46
713,Sada,Pittson,spittsonjs@disqus.com,,17
714,Thedric,MacKaile,tmackailejt@samsung.com,Agender,44
715,Sydney,Gurry,sgurryju@time.com,Genderfluid,76
716,Rab,Haith,rhaithjv@google.de,Agender,50
717,Blanch,Veysey,bveyseyjw@amazon.de,Genderqueer,20
718,Rosanne,Sondon,rsondonjx@elpais.com,Genderfluid,62
719,Kendal,La Batie,klabatiejy@cdbaby.com,Genderqueer,48
720,Lavinia,Esmead,lesmeadjz@i2i.jp,Agender,13
721,Cosetta,Francey,cfranceyk0@issuu.com,Genderqueer,40
722,Tammara,Krabbe,,Genderfluid,50
723,Balduin,Gantley,bgantleyk2@cdbaby.com,Agender,51
724,Valencia,Bilovsky,vbilovskyk3@infoseek.co.jp,Male,32
725,Nananne,Ogley,nogleyk4@twitter.com,Genderfluid,72
726,,Armit,marmitk5@netscape.com,Polygender,
727,Grata,Blundan,gblundank6@goo.ne.jp,,42
728,Justin,Culley,jculleyk7@aol.com,,68
729,Laurena,Smithers,lsmithersk8@bbc.co.uk,Genderqueer,32
730,Kaitlynn,Lupton,kluptonk9@who.int,Genderqueer,58
731,Dennison,Wratten,dwrattenka@t-online.de,Non-binary,21
732,Jilli,,jstofferskb@symantec.com,Bigender,66
733,Fleur,Lambell,flambellkc@mapy.cz,Non-binary,13
734,Myrtie,Arntzen,marntzenkd@ning.com,Female,27
735,Bernette,Hedger,bhedgerke@yahoo.co.jp,Male,46
736,Carolina,Ewen,cewenkf@ycombinator.com,Male,45
737,,Kattenhorn,,,
738,Harriet,,hblakesleykh@shinystat.com,Genderqueer,45
739,Devy,,daherneki@un.org,Genderqueer,28
740,Maud,Loy,mloykj@slate.com,Genderfluid,22
741,Gracia,Skillicorn,gskillicornkk@answers.com,Genderfluid,30
742,Ogdon,Ruseworth,oruseworthkl@shareasale.com,Agender,13
743,Berri,,,Female,68
744,Kerry,Raddin,kraddinkn@biblegateway.com,Genderqueer,49
745,Randene,Chatain,rchatainko@mediafire.com,Non-binary,20
746,Gilbert,Kenafaque,,Genderfluid,32
747,Kaila,Stoffers,kstofferskq@hp.com,Non-binary,12
748,Zelda,Boichat,zboichatkr@ucsd.edu,,34
749,Barrie,,bmcjuryks@accuweather.com,,77
750,Jimmie,Affron,jaffronkt@geocities.com,Bigender,43
751,Domeniga,Vanyatin,,Female,17
752,Burk,Sowman,,,68
753,Daryl,Bouldon,dbouldonkw@nsw.gov.au,Male,49
754,Joshua,Ilyas,jilyaskx@spiegel.de,Genderfluid,77
755,Bob,Hugle,,Agender,51
756,Milzie,Ingerith,mingerithkz@tuttocitta.it,Female,52
757,Levy,Trevascus,ltrevascusl0@state.tx.us,Genderfluid,76
758,Benedikt,Wigelsworth,bwigelsworthl1@ox.ac.uk,Bigender,14
759,Ximenez,Kemme,xkemmel2@state.gov,Non-binary,36
760,Drud,Crop,,Bigender,44
761,Thacher,Pfaff,tpfaffl4@bigcartel.com,Genderfluid,77
762,Orelle,Durning,odurningl5@arizona.edu,Male,58
763,Dorian,Velten,dveltenl6@sphinn.com,Agender,57
764,Angelia,Stallebrass,astallebrassl7@fda.gov,Female,51
765,Adella,Jolley,,Non-binary,32
766,Giuseppe,Zemler,gzemlerl9@squidoo.com,Bigender,68
767,Rowena,Sheringham,rsheringhamla@devhub.com,Polygender,46
768,Parnell,Scudder,pscudderlb@vinaora.com,,24
769,Linell,Winship,lwinshiplc@friendfeed.com,Agender,51
770,Hatty,MacKenzie,hmackenzield@lycos.com,Male,42
771,Kinny,Danielian,kdanielianle@diigo.com,,18
772,Den,Escale,descalelf@unesco.org,,46
773,Angelika,Maroney,amaroneylg@canalblog.com,Female,44
774,Sherwood,Marioneau,smarioneaulh@unc.edu,Agender,51
775,Halimeda,de Tocqueville,hdetocquevilleli@unblog.fr,,53
776,Isa,Hattam,,,61
777,Tally,Raecroft,,Non-binary,52
778,Shawna,,,,39
779,,Scud,wscudlm@google.fr,Female,
780,,Armatidge,warmatidgeln@scientificamerican.com,Male,
781,Adrienne,,,Polygender,52
782,Filippa,,,Bigender,55
783,Leontyne,Nary,,Polygender,49
784,Elisa,,egyorffylr@nytimes.com,Genderqueer,51
785,Sheeree,Ropars,sroparsls@cpanel.net,Polygender,15
786,Eugenio,Mattiessen,,Genderqueer,12
787,Maribel,Snary,msnarylu@usa.gov,Male,49
788,Lanae,Dorrell,ldorrelllv@house.gov,Genderqueer,16
789,Janice,Stobbs,jstobbslw@zimbio.com,Polygender,32
790,Palm,Jeanes,pjeaneslx@google.nl,Polygender,30
791,,Mangeot,smangeotly@ovh.net,Agender,
792,Neila,Skylett,nskylettlz@nymag.com,Female,60
793,Bibby,Stading,bstadingm0@rambler.ru,Bigender,57
794,Phaedra,Rabley,prableym1@seattletimes.com,Polygender,24
795,Issi,Seamans,,Male,54
796,Nanete,Margaret,nmargaretm3@godaddy.com,Male,42
797,Paolina,Comins,pcominsm4@desdev.cn,Polygender,72
798,Loree,Edgecumbe,ledgecumbem5@ebay.co.uk,Agender,23
799,Clarance,Mockler,cmocklerm6@nps.gov,Genderfluid,14
800,Blakeley,Leafe,,Female,71
801,Ferdy,,fmillem8@wp.com,Male,44
802,Bridget,Trengrouse,,Non-binary,59
803,Natividad,Harkess,,Male,33
804,Neddy,Eberlein,neberleinmb@twitter.com,Genderfluid,71
805,Sandy,Murrhardt,smurrhardtmc@hc360.com,Agender,13
806,Merry,Milington,mmilingtonmd@123-reg.co.uk,Male,37
807,Carmelia,Creamen,ccreamenme@stumbleupon.com,Female,53
808,Derril,Garrow,dgarrowmf@joomla.org,,74
809,Cristina,Lawlance,clawlancemg@hao123.com,,65
810,Yoko,,ywettonmh@merriam-webster.com,,40
811,Kessiah,Cowterd,kcowterdmi@cmu.edu,,47
812,Etti,Eick,eeickmj@mozilla.org,Genderqueer,77
813,Walther,Kirkam,wkirkammk@wordpress.com,Bigender,53
814,Von,Wannell,vwannellml@parallels.com,Genderfluid,19
815,Nicko,Putten,nputtenmm@nasa.gov,Agender,33
816,Chad,Binstead,cbinsteadmn@51.la,,38
817,Raphael,Rudge,rrudgemo@mail.ru,Polygender,59
818,Cary,Guyonneau,cguyonneaump@rakuten.co.jp,Polygender,12
819,Sydel,Aymerich,,Agender,37
820,Deana,Dimmne,,,67
821,Lanae,Fuggles,lfugglesms@ask.com,Bigender,52
822,Abby,Novelli,anovellimt@uiuc.edu,Polygender,37
823,Findley,Gawne,fgawnemu@dedecms.com,Polygender,22
824,Robbert,Insley,rinsleymv@squarespace.com,,34
825,Allison,Iredell,airedellmw@multiply.com,Non-binary,64
826,Netti,Hurdedge,nhurdedgemx@reuters.com,Genderqueer,30
827,Shaine,Benzi,,Female,23
828,Benni,Delgadillo,bdelgadillomz@admin.ch,Non-binary,12
829,Sile,Shadwick,sshadwickn0@aol.com,,22
830,Percival,Giacomi,pgiacomin1@tamu.edu,Polygender,16
831,Caryl,Ormes,cormesn2@theglobeandmail.com,Genderqueer,54
832,Arabele,Leverington,,Genderfluid,63
833,Bev,Wales,bwalesn4@diigo.com,Polygender,37
834,Kevyn,Wanden,,Agender,18
835,,Bourton,,Polygender,
836,Collie,Spiers,cspiersn7@usgs.gov,,57
837,Chlo,Dick,cdickn8@redcross.org,Non-binary,43
838,Pris,Simmon,psimmonn9@state.tx.us,Non-binary,31
839,Almeria,,alambertinina@google.fr,Genderfluid,51
840,Tom,Needham,tneedhamnb@ftc.gov,Genderfluid,34
841,Edita,,eknightlync@gov.uk,Polygender,45
842,Arch,Jeffs,,Female,48
843,Deanna,M'Quharge,dmquhargene@google.ru,Genderfluid,43
844,Lon,Scraney,,Bigender,73
845,Maryl,,msnooksng@angelfire.com,Agender,41
846,Oralle,Simenet,osimenetnh@hexun.com,Male,16
847,Raphael,Huelin,rhuelinni@g.co,Agender,48
848,West,Winskill,wwinskillnj@angelfire.com,Agender,36
849,Gertie,Tresise,gtresisenk@state.tx.us,Female,22
850,Bertie,Barten,,Non-binary,55
851,Brandon,Blackledge,,Genderqueer,76
852,Georgy,Mully,gmullynn@indiegogo.com,Female,49
853,Gerry,Jagiello,gjagiellono@google.pl,Genderfluid,13
854,Reade,Duns,rdunsnp@zimbio.com,Polygender,72
855,Maxie,Fulle,,,14
856,Freddi,Peverell,fpeverellnr@goo.ne.jp,Polygender,34
857,Etty,Filliskirk,efilliskirkns@macromedia.com,Genderfluid,51
858,Burch,,bcryernt@tiny.cc,,33
859,Sauncho,Lyle,slylenu@sun.com,Non-binary,73
860,Angelika,,atiddynv@foxnews.com,Male,26
861,Matt,,mgarlingenw@cornell.edu,Bigender,42
862,,Rubbert,,,
863,Rupert,MacMenamin,rmacmenaminny@icio.us,Bigender,73
864,Vivianna,Kleuer,vkleuernz@cafepress.com,,56
865,Rivkah,Shephard,rshephardo0@mashable.com,Genderqueer,40
866,Marylee,McGinly,,Genderfluid,20
867,Tabbie,Codi,tcodio2@acquirethisname.com,,33
868,Jaclyn,Key,jkeyo3@timesonline.co.uk,,68
869,Howey,Schott,hschotto4@umn.edu,Female,49
870,Mady,Hibbart,mhibbarto5@reverbnation.com,Genderfluid,18
871,Joshia,Shand,jshando6@gnu.org,Non-binary,72
872,Arlyn,Gilbanks,,Bigender,19
873,Binnie,Sherington,,Agender,50
874,Francisca,,fummfreyo9@aboutads.info,Polygender,76
875,Chris,Orsi,corsioa@prnewswire.com,Polygender,65
876,,Shakesbye,cshakesbyeob@diigo.com,Agender,
877,Benedetto,Schubart,bschubartoc@flavors.me,Agender,55
878,Aeriela,Bales,abalesod@google.de,Bigender,14
879,Gabby,,gharknessoe@hibu.com,Genderqueer,64
880,Winny,Carrabott,wcarrabottof@myspace.com,,51
881,Waverley,Tantrum,,Genderqueer,30
882,Monica,July,,Polygender,62
883,Seymour,Heiner,,Non-binary,29
884,Stephani,Wescott,,Agender,17
885,Fleurette,Blaszczyk,fblaszczykok@sun.com,Non-binary,37
886,,Newlove,tnewloveol@newsvine.com,,
887,Brandise,Gamlen,bgamlenom@soup.io,Agender,50
888,Cacilie,Youens,cyouenson@youtu.be,Agender,52
889,Debor,Wilbud,dwilbudoo@scientificamerican.com,Genderfluid,46
890,Langsdon,Kinsell,,,73
891,Alvis,Von Welden,,Bigender,73
892,Jocelyn,McCobb,jmccobbor@edublogs.org,Bigender,22
893,Angelika,Sybry,,,50
894,Patrizia,Washington,pwashingtonot@bbb.org,,54
895,Amara,,,Male,19
896,Eileen,Gowanlock,,Non-binary,17
897,Kylila,MacClinton,,Agender,50
898,Mortimer,,mdeedesox@discuz.net,Bigender,67
899,Giulia,Tumayan,gtumayanoy@blog.com,,18
900,Stanley,Luckhurst,sluckhurstoz@alibaba.com,Male,28
901,Meridith,Caukill,mcaukillp0@guardian.co.uk,Genderfluid,31
902,Jesselyn,Palfree,jpalfreep1@sourceforge.net,Agender,59
903,Marylynne,Trenholme,,Genderfluid,42
904,Aldin,Tryhorn,,Non-binary,20
905,Brockie,Olliffe,,Genderqueer,63
906,Danette,Olley,dolleyp5@usnews.com,Non-binary,41
907,Sandor,Doornbos,sdoornbosp6@merriam-webster.com,Female,58
908,Francisca,Mccaull,fmccaullp7@mediafire.com,Bigender,29
909,Goldi,,,Non-binary,62
910,Gavan,Bonhomme,gbonhommep9@fastcompany.com,Agender,71
911,Vivienne,Bolliver,vbolliverpa@friendfeed.com,Polygender,35
912,,Gruszczak,kgruszczakpb@ebay.co.uk,Bigender,
913,Emlynn,,estrafenpc@oracle.com,Genderfluid,38
914,Calv,Suscens,csuscenspd@xinhuanet.com,Agender,49
915,Gherardo,Lorey,,,49
916,Kerr,Quaintance,kquaintancepf@diigo.com,Non-binary,26
917,Rik,Guenther,rguentherpg@sciencedaily.com,,45
918,,Moyle,emoyleph@cbc.ca,Genderfluid,
919,Katerine,Owbridge,kowbridgepi@1und1.de,Genderfluid,17
920,,Walduck,mwalduckpj@geocities.jp,Genderfluid,
921,Penn,Connor,pconnorpk@sogou.com,Agender,27
922,Ryon,O'Crigan,rocriganpl@msu.edu,,67
923,Rickard,,,Female,18
924,Michelina,Larchier,mlarchierpn@goo.gl,Polygender,62
925,Quill,Trowsdall,qtrowsdallpo@blogs.com,Genderfluid,38
926,Joannes,Worsall,jworsallpp@usgs.gov,Bigender,14
927,Oralla,Boxen,oboxenpq@rakuten.co.jp,,37
928,Noby,Dimitrie,ndimitriepr@wufoo.com,Polygender,21
929,Blayne,Worshall,,Polygender,66
930,Marketa,Brightman,mbrightmanpt@chicagotribune.com,Genderfluid,34
931,Jessamyn,Leguey,jlegueypu@sciencedaily.com,Non-binary,56
932,Verney,Ettels,vettelspv@unicef.org,,64
933,Fredelia,Digweed,fdigweedpw@pagesperso-orange.fr,Bigender,28
934,Annalise,Osgood,aosgoodpx@51.la,Polygender,49
935,,Vonasek,wvonasekpy@psu.edu,Polygender,
936,Denny,,dmoretonpz@nifty.com,Female,35
937,Lucais,,lsomesq0@trellian.com,Agender,13
938,Alonso,Keaveny,akeavenyq1@prnewswire.com,Non-binary,78
939,Francesco,,ftarquiniq2@github.com,Male,32
940,Sandy,Rawet,,Agender,57
941,Nomi,Snasel,nsnaselq4@cornell.edu,Female,12
942,Noble,Pickwell,npickwellq5@imdb.com,Agender,67
943,Terry,Foottit,tfoottitq6@friendfeed.com,Polygender,17
944,Camella,Saltern,csalternq7@about.com,Male,58
945,Gabriel,Perse,gperseq8@sun.com,Polygender,52
946,Winona,Oventon,woventonq9@youtube.com,Male,26
947,Isa,Toward,itowardqa@netlog.com,Female,70
948,Merilyn,Meneer,mmeneerqb@dyndns.org,Male,61
949,,Lang,wlangqc@redcross.org,,
950,Brose,Edgeson,,,55
951,Freemon,Tillyer,ftillyerqe@1und1.de,Genderqueer,20
952,Ros,Frigout,rfrigoutqf@gov.uk,Male,23
953,Modesty,Spurden,mspurdenqg@mediafire.com,Genderqueer,61
954,Ella,Lindeman,elindemanqh@wordpress.com,Male,69
955,Jessamine,Ingman,jingmanqi@imgur.com,Genderfluid,57
956,Tam,Harewood,,Male,50
957,Emera,Maltby,emaltbyqk@stanford.edu,Male,40
958,Ethelind,Banville,ebanvilleql@unblog.fr,Polygender,22
959,Cece,Hovenden,chovendenqm@twitpic.com,Genderfluid,73
960,Antoine,,,Genderqueer,63
961,Nertie,,ncrecyqo@dagondesign.com,Genderfluid,70
962,Tammara,Banham,,Non-binary,19
963,Ash,,agregoraceqq@tripadvisor.com,Non-binary,64
964,,,mhackforthqr@hostgator.com,Agender,
965,Kari,Lazenby,klazenbyqs@sohu.com,Genderqueer,41
966,Roddy,Morrowe,,,60
967,Becky,McHenry,bmchenryqu@tripadvisor.com,Non-binary,49
968,Queenie,MacGorley,qmacgorleyqv@qq.com,,64
969,Warner,McGeever,wmcgeeverqw@huffingtonpost.com,Agender,74
970,Rosemonde,Derisly,rderislyqx@wikia.com,,18
971,Corenda,Ducker,cduckerqy@tinypic.com,,58
972,,Warrior,ewarriorqz@hexun.com,Polygender,
973,Staford,Pavolini,spavolinir0@stumbleupon.com,Genderqueer,48
974,,Cullen,,Non-binary,
975,Flora,Koppel,,Bigender,40
976,Donovan,MacCartan,dmaccartanr3@npr.org,Genderfluid,76
977,Rhianon,Spurdle,rspurdler4@state.tx.us,Polygender,71
978,Rosana,,rmckinlayr5@ow.ly,Male,19
979,Arline,Azema,aazemar6@businessinsider.com,Genderqueer,27
980,Ambrosius,Preshous,apreshousr7@clickbank.net,Male,70
981,Creighton,Blaw,cblawr8@gov.uk,Polygender,36
982,Birgit,Flinn,bflinnr9@cnn.com,,67
983,Ninette,Pandie,npandiera@samsung.com,Agender,47
984,Jameson,McNea,,Genderqueer,42
985,Orelie,,omynettrc@privacy.gov.au,Male,44
986,Alayne,Ibbitt,aibbittrd@gov.uk,Polygender,15
987,Adiana,Earey,aeareyre@paypal.com,,51
988,,,elamsheadrf@rediff.com,,
989,Ruthi,Lawrenz,rlawrenzrg@squarespace.com,Bigender,65
990,Winfield,Whitmore,,Genderfluid,18
991,Bess,,,Genderqueer,45
992,Shelden,Durie,sdurierj@vk.com,Polygender,65
993,Vida,MacNeilley,vmacneilleyrk@facebook.com,Bigender,36
994,Lars,Balderson,lbaldersonrl@reddit.com,Agender,71
995,Issi,,icovellrm@usgs.gov,Agender,37
996,Demetra,Devany,ddevanyrn@odnoklassniki.ru,Non-binary,61
997,Enrichetta,,,Non-binary,26
998,Fionnula,Gladdifh,,Bigender,14
999,Mavra,Dockrey,mdockreyrq@studiopress.com,Bigender,14
1000,Arther,Jime,ajimerr@washingtonpost.com,Agender,71
